name,slug,type,parent_category_slug,color,icon,description,is_active,display_order,is_capex
"Agua & Comida","agua-comida","expense","","#607d8b","dashicons-category","Creada automáticamente al importar","0","0","0"
"Alberca","alberca","expense","","#607D8B","dashicons-category","Creada automáticamente al importar","1","1","0"
"Agua y Comida","agua-y-comida","expense","","#607D8B","dashicons-category","Creada automáticamente al importar","1","2","0"
"Alberca e Irrigacion","alberca-e-irrigacion","expense","","#607D8B","dashicons-category","Creada automáticamente al importar","1","3","0"
"Alojamiento Int'l","alojamiento-intl","income","","#607D8B","dashicons-category","Creada automáticamente al importar","1","4","0"
"Alojamiento Internacional","alojamiento-internacional","income","","#607D8B","dashicons-category","Creada automáticamente al importar","1","5","0"
"Alojamiento Nacionales","alojamiento-nacionales","income","","#607D8B","dashicons-category","Creada automáticamente al importar","1","6","0"
"Asoc. Civil","asoc-civil","expense","","#607D8B","dashicons-category","Creada automáticamente al importar","1","7","0"
"Asociacion Civil","asociacion-civil","expense","","#607D8B","dashicons-category","Creada automáticamente al importar","1","8","0"
"Basura","basura","expense","","#607D8B","dashicons-category","Creada automáticamente al importar","1","9","0"
"Comisiones Bancarias","comisiones-bancarias","expense","","#607D8B","dashicons-category","Creada automáticamente al importar","1","10","0"
"Conversión USD → MXN","conversion-usd-mxn","income","","#2ecc71","dashicons-category","","1","11","0"
"Cuidado Perro","cuidado-perro","expense","","#607D8B","dashicons-category","Creada automáticamente al importar","1","12","0"
"Gasolina Van","gasolina-van","expense","","#607D8B","dashicons-category","Creada automáticamente al importar","1","13","0"
"Gasolina Vehiculo","gasolina-vehiculo","expense","","#607D8B","dashicons-category","Creada automáticamente al importar","1","14","0"
"Gastos Equipo","gastos-equipo","expense","","#607D8B","dashicons-category","Creada automáticamente al importar","1","15","0"
"Gastos y Honorarios Contables","gastos-y-honorarios-contables","expense","","#607D8B","dashicons-category","Creada automáticamente al importar","1","16","0"
"Honorarios Contables","honorarios-contables","expense","","#607D8B","dashicons-category","Creada automáticamente al importar","1","17","0"
"Impuestos Propiedad","impuestos-propiedad","expense","","#607D8B","dashicons-category","Creada automáticamente al importar","1","18","0"
"Interes Banco/Reemplazo & Otros Ingresos","interes-banco-reemplazo-otros-ingresos","income","","#607D8B","dashicons-category","Creada automáticamente al importar","1","19","0"
"Intereses y Otros Ingresos","intereses-y-otros-ingresos","income","","#607D8B","dashicons-category","Creada automáticamente al importar","1","20","0"
"Luz","luz","expense","","#607D8B","dashicons-category","Creada automáticamente al importar","1","21","0"
"Perro","perro","expense","","#607D8B","dashicons-category","Creada automáticamente al importar","1","22","0"
"Productos Limpieza","productos-limpieza","expense","","#607D8B","dashicons-category","Creada automáticamente al importar","1","23","0"
"Propano","propano","expense","","#607D8B","dashicons-category","Creada automáticamente al importar","1","24","0"
"Relaciones Publicas","relaciones-publicas","expense","","#607D8B","dashicons-category","Creada automáticamente al importar","1","25","0"
"Renta Vidal/ Schmidt","renta-vidal-schmidt-1779336239","income","","#607D8B","dashicons-category","Creada automáticamente al importar","1","26","0"
"Renta Vidal/Schmidt","renta-vidal-schmidt","income","","#607D8B","dashicons-category","Creada automáticamente al importar","1","27","0"
"Salario Limpieza","salario-limpieza","expense","","#607D8B","dashicons-category","Creada automáticamente al importar","0","28","0"
"Salario Voluntariado","salario-voluntariado","expense","","#607D8B","dashicons-category","Creada automáticamente al importar","0","29","0"
"Salario Voluntariado NUEVO Enero 2022","salario-voluntariado-nuevo-enero-2022","expense","","#607D8B","dashicons-category","Creada automáticamente al importar","0","30","0"
"Seguro Van","seguro-van","expense","","#607D8B","dashicons-category","Creada automáticamente al importar","1","31","0"
"Seguro Vehiculo","seguro-vehiculo","expense","","#607D8B","dashicons-category","Creada automáticamente al importar","1","32","0"
"Donaciones","donaciones","income","","#27ae60","dashicons-heart","Donaciones recibidas de personas o instituciones","1","33","0"
"Salarios y Sueldos","salarios-sueldos","expense","","#00b67a","💼","Pagos a personal y colaboradores","1","34","0"
"Ofrendas","ofrendas","income","","#2ecc71","dashicons-groups","Ofrendas recibidas en servicios religiosos","1","35","0"
"Servicios Públicos","servicios-publicos","both","","#ff9f1c","🏢","Pagos de servicios Publicos básicos","1","36","0"
"Alquileres y Rentas","alquileres-rentas","income","","#3498db","dashicons-admin-home","Ingresos por alquiler de instalaciones y equipos","1","37","0"
"Mantenimiento","mantenimiento","both","","#5d5fef","🛠️","Mantenimiento de vehículos, herramientas, equipos y todos lo correspondiente a sostenimiento o manutención","1","38","0"
"Compra de Herramientas y Equipos","compra-herramientas-equipos","expense","","#f39c12","dashicons-admin-tools","Adquisición de herramientas y equipos nuevos","1","39","0"
"Inscripciones y Matrículas","inscripciones-matriculas","income","","#2980b9","dashicons-welcome-learn-more","Ingresos por inscripciones de estudiantes y cursos","1","40","0"
"Sostenimiento Institucional","sostenimiento-institucional","income","","#2980b9","dashicons-networking","Ingresos institucionales formales provenientes de agencias misioneras u organismos externos. Facilita rendición de cuentas entre la Agencia y la Asociación Civil.","1","41","0"
"Biblioteca","biblioteca","expense","","#9b59b6","dashicons-book","Gastos relacionados con la biblioteca","1","42","0"
"Ventas de Productos","ventas-productos","income","","#1e8a98","dashicons-cart","","1","43","0"
"Suministros de Oficina","suministros-oficina","expense","","#16a085","dashicons-portfolio","","1","44","0"
"Ventas de Servicios","ventas-servicios","income","","#16a085","dashicons-admin-tools","","1","45","0"
"Subvenciones","subvenciones","income","","#8e44ad","dashicons-money-alt","","1","46","0"
"Suministros de Limpieza","suministros-limpieza","expense","","#1abc9c","dashicons-admin-home","Productos de limpieza para voluntarios","1","47","0"
"Intereses Bancarios","intereses-bancarios","income","","#9b59b6","dashicons-chart-line","","1","48","0"
"Programas y Proyectos","programas-proyectos","expense","","#8e44ad","dashicons-welcome-learn-more","","1","49","0"
"Becas y Ayudas","becas-ayudas","expense","","#27ae60","dashicons-heart","","1","50","0"
"Otros Ingresos","otros-ingresos","income","","#95a5a6","dashicons-plus-alt","","1","51","0"
"Marketing","marketing","expense","","#34495e","dashicons-megaphone","","1","52","0"
"Tecnología","tecnologia","expense","","#2c3e50","dashicons-desktop","","1","53","0"
"Otros Gastos","otros-gastos","expense","","#7f8c8d","dashicons-minus","","1","54","0"
"Gastos de Capital","gastos-de-capital","both","","#e67e22","dashicons-building","Adquisiciones financiadas por donaciones externas o agencias. No afectan el presupuesto operacional mensual.","1","55","1"
"Transporte y Movilidad","transporte-movilidad","both","","#e05300","🚐","Todo lo referente a Combustible, Peajes, Casetas, Pasajes, Viaticos, Traslados y mas.","1","105","0"
"Adquisición de Libros","adquisicion-libros","expense","biblioteca","#9b59b6","dashicons-book","Integra con módulo Biblioteca","1","0","0"
"Agua","servicios-agua","both","servicios-publicos","#5d5fef","💧","Costo de Garrafones o Tanques de Agua","1","0","0"
"Agua Renta","agua-renta","income","alquileres-rentas","#0284c7","💧","Pagos de garrafones de agua de los grupos de renta","1","0","0"
"Aportes Agencia Misionera","aportes-agencia-misionera","income","sostenimiento-institucional","#2980b9","dashicons-networking","Transferencias formales recibidas de la agencia misionera para operación general de la Asociación Civil.","1","0","0"
"Cursos y Talleres","cursos-talleres","income","inscripciones-matriculas","#2980b9","dashicons-welcome-learn-more","","1","0","0"
"Donación de Alimentos","donacion-alimentos","income","donaciones","#27ae60","dashicons-heart","","1","0","0"
"Equipo de Sonido","mantenimiento-equipo-sonido","expense","mantenimiento","#d35400","dashicons-admin-tools","Integra con módulo Inventario","1","0","0"
"Equipo de Sonido","compra-equipo-sonido","expense","compra-herramientas-equipos","#f39c12","dashicons-admin-tools","Integra con módulo Inventario","1","0","0"
"Honorarios","honorarios","expense","salarios-sueldos","#5d5fef","🧾👤","Pagos o cobros por servicios profesionales","1","0","0"
"Ofrenda de Construcción","ofrenda-construccion","income","ofrendas","#2ecc71","dashicons-groups","","1","0","0"
"Repuesto: Vehículo","repuesto-vehculo","both","mantenimiento","#3a86ff","🔩🚗","Repuestos o Accesorios, Compra directa en Almacén","1","0","0"
"Salario Limpieza","salario-limpieza-1","expense","salarios-sueldos","#e05300","💵🧹","Salario a persona por limpieza o aseo","1","0","0"
"Alquiler a Iglesias","alquiler-iglesias","income","alquileres-rentas","#3498db","dashicons-admin-home","Alquiler de instalaciones a iglesias cristianas","1","1","0"
"Donación de Construcción","donacion-construccion","income","donaciones","#27ae60","dashicons-heart","","1","1","0"
"Electricidad","servicios-electricidad","both","servicios-publicos","#e05300","⚡","Pago de Luz Electrica","1","1","0"
"Fondos de Operación","fondos-operacion","income","sostenimiento-institucional","#2980b9","dashicons-networking","Fondos destinados a cubrir gastos operativos ordinarios del ministerio o instituto.","1","1","0"
"Herramientas de Batería","compra-herramientas-bateria","expense","compra-herramientas-equipos","#f39c12","dashicons-admin-tools","Integra con módulo Inventario","1","1","0"
"Herramientas de Motor","mantenimiento-herramientas-motor","expense","mantenimiento","#d35400","dashicons-admin-tools","Integra con módulo Inventario","1","1","0"
"Inscripción de Estudiantes","inscripcion-estudiantes","income","inscripciones-matriculas","#2980b9","dashicons-welcome-learn-more","","1","1","0"
"Materiales Bibliográficos","materiales-bibliograficos","expense","biblioteca","#9b59b6","dashicons-book","Integra con módulo Biblioteca","1","1","0"
"Ofrenda de Emergencia","ofrenda-emergencia","income","ofrendas","#2ecc71","dashicons-groups","","1","1","0"
"Salario","salario","expense","salarios-sueldos","#ff9f1c","💵👥","Salario o Sueldo en General","1","1","0"
"Alquiler de Equipo de Sonido","alquiler-equipo-sonido","income","alquileres-rentas","#3498db","dashicons-admin-home","Alquiler de mixer, cabinas, micrófonos","1","2","0"
"Donación de Emergencia","donacion-emergencia","income","donaciones","#27ae60","dashicons-heart","","1","2","0"
"Gas","servicios-gas","both","servicios-publicos","#00b67a","🔥","Recarga de Cilindro de Gas Propano","1","2","0"
"Herramientas de Motor","compra-herramientas-motor","expense","compra-herramientas-equipos","#f39c12","dashicons-admin-tools","Integra con módulo Inventario","1","2","0"
"Herramientas Eléctricas","mantenimiento-herramientas-electricas","expense","mantenimiento","#d35400","dashicons-admin-tools","Integra con módulo Inventario","1","2","0"
"Ofrenda de Misiones","ofrenda-misiones","income","ofrendas","#2ecc71","dashicons-groups","","1","2","0"
"Proyectos Especiales de la Agencia","proyectos-especiales-agencia","income","sostenimiento-institucional","#2980b9","dashicons-networking","Desembolsos con un fin único y presupuesto delimitado, enviados por la agencia para un proyecto específico.","1","2","0"
"Salario Voluntarios","salario-voluntarios","expense","salarios-sueldos","#00b67a","💵👤","Salario o Pago de Voluntarios","1","2","0"
"Alquiler de Instalaciones","alquiler-instalaciones","income","alquileres-rentas","#3498db","dashicons-admin-home","Alquiler de espacios generales","1","3","0"
"Donación de Misiones","donacion-misiones","income","donaciones","#27ae60","dashicons-heart","","1","3","0"
"Herramientas Eléctricas","compra-herramientas-electricas","expense","compra-herramientas-equipos","#f39c12","dashicons-admin-tools","Integra con módulo Inventario","1","3","0"
"Instalaciones","mantenimiento-instalaciones","expense","mantenimiento","#d35400","dashicons-admin-tools","","1","3","0"
"Internet","servicios-internet","both","servicios-publicos","#ff9f1c","📡","Pago de Servicio de Internet","1","3","0"
"Ofrenda Especial","ofrenda-especial","income","ofrendas","#2ecc71","dashicons-groups","","1","3","0"
"Sostenimiento de Staff / Misioneros","sostenimiento-staff-misioneros","income","sostenimiento-institucional","#2980b9","dashicons-networking","Fondos enviados específicamente para el sustento personal de misioneros o staff.","1","3","0"
"Alquiler de Kiosco/Terraza","alquiler-kiosco-terraza","income","alquileres-rentas","#3498db","dashicons-admin-home","Alquiler del kiosco o terraza para eventos","1","4","0"
"Basura","basura-1","both","servicios-publicos","#9b5de5","🗑️","Pago por Servico de Basura","1","4","0"
"Donación de Voluntarios","donacion-voluntarios","income","donaciones","#27ae60","dashicons-heart","","1","4","0"
"Jardinería","mantenimiento-jardineria","expense","mantenimiento","#d35400","dashicons-admin-tools","","1","4","0"
"Mobiliario","compra-mobiliario","expense","compra-herramientas-equipos","#f39c12","dashicons-admin-tools","Integra con módulo Inventario","1","4","0"
"Ofrenda General","ofrenda-general","income","ofrendas","#2ecc71","dashicons-groups","","1","4","0"
"Teléfono","servicios-telefono","both","servicios-publicos","#3a86ff","📞","Pago de Telefonia o Plan Telefónico","1","4","0"
"Donación Especial","donacion-especial","income","donaciones","#27ae60","dashicons-heart","","1","5","0"
"Sistema de Riego","mantenimiento-sistema-riego","expense","mantenimiento","#d35400","dashicons-admin-tools","Integra con módulo Inventario","1","5","0"
"Donación General","donacion-general","income","donaciones","#27ae60","dashicons-heart","","1","6","0"
"Vehículos","mantenimiento-vehiculos","expense","mantenimiento","#d35400","dashicons-admin-tools","Integra con módulo Vehículos","1","6","0"
"Correctivo: Alberca","correctivo-alberca","both","mantenimiento","#ff9f1c","🛠️🏊","Mantenimiento de Reparacion de la alberca por daño grave","1","7","0"
"Correctivo: Vehículo","correctivo-vehculo","both","mantenimiento","#e05300","🛠️🚗","Mantenimiento de Reparación el cual corrige la falla o daño","1","8","0"
"Preventivo: Alberca","preventivo-alberca","both","mantenimiento","#00b67a","🔧🏊","Mantenimiento de prevencion que evite un daño o falla de la alberca","1","9","0"
"Preventivo: Vehículo","preventivo-vehculo","both","mantenimiento","#5d5fef","🔧🚗","Vehiculo cuando ingresa a Mantenimiento Preventivo, el cual es para prevenir daños o fallas","1","10","0"
"Combustible","combustible","both","transporte-movilidad","#5d5fef","⛽","Gasolina o Diésel","1","105","0"
