"ID","Fecha","Tipo","Categoría","Monto","Descripción","Estado","Método de pago","N° Referencia","Cuenta Origen","Cuenta Destino","Beneficiario/Pagador","Área/Programa","Notas","Etiquetas","Usuario Vinculado","Concepto Usuario Vinculado","Creado por","Aprobado por","Fecha Aprobación","Fecha Creación","Última Mod."
"525","2026-08-17","expense","Propano","3000.00","Propano - Vela Gas","approved","cash","","Caja Chica","","Ve","Centro Mateo","","","","","Melody Vidal","Melody Vidal","2026-08-18 17:00:22","2026-08-18 17:00:22","2026-08-18 17:00:22"
"524","2026-08-16","expense","Relaciones Publicas","500.00","gasolina para visita Godard","approved","cash","","Caja Chica","","","Centro Mateo","","","","","Melody Vidal","Melody Vidal","2026-08-18 16:59:29","2026-08-18 16:59:29","2026-08-18 16:59:29"
"523","2026-08-15","income","Alojamiento Nacionales","3670.00","Renta RETO Mujeres - 3,400 alojamiento, 200 leña, 70 agua","pending","cash","","","Caja Chica","","Centro Mateo","","","","","Melody Vidal","","","2026-08-18 16:58:31","2026-08-18 16:58:31"
"522","2026-08-13","expense","Agua & Comida","450.00","16 garrafones + propina 18 pesos","approved","cash","","Caja Chica","","José Lemus","Centro Mateo","","","","","Melody Vidal","Melody Vidal","2026-08-18 16:56:46","2026-08-18 16:56:46","2026-08-18 16:56:46"
"520","2026-08-11","expense","Mantenimiento","79.99","bisagras Aceros y Materiales Constructivo","approved","cash","","Caja Chica","","Aceros y Materiales Constructivo","Centro Mateo","","","","","Melody Vidal","Melody Vidal","2026-08-12 16:58:17","2026-08-12 16:58:17","2026-08-12 16:58:17"
"519","2026-08-10","expense","Mantenimiento","339.00","cinchos, canaleta, broca, broche, etc. FESOL","approved","cash","","Caja Chica","","FESOL","Centro Mateo","","","","","Melody Vidal","Melody Vidal","2026-08-12 16:55:50","2026-08-12 16:55:50","2026-08-12 16:55:50"
"518","2026-08-07","income","Alojamiento Nacionales","2000.00","Ingreso - deposito renta Iglesia Aliento de Vida Nov 13-15, 2026","pending","transfer","","","Scotiabank México","","Centro Mateo","","","","","Melody Vidal","","","2026-08-10 16:58:13","2026-08-10 16:58:13"
"517","2026-08-06","income","Alojamiento Nacionales","2000.00","Ingreso - deposito renta Esperanza en Movimiento Agosto 16-18, 2026","pending","transfer","","","Scotiabank México","","Centro Mateo","","","","","Melody Vidal","","","2026-08-10 16:57:38","2026-08-10 16:57:38"
"516","2026-07-31","income","Otros Ingresos","13610.00","cheque de las facturas","pending","cash","","","Caja Chica","","Centro Mateo","","","","","Melody Vidal","","","2026-08-10 16:56:34","2026-08-10 16:56:34"
"515","2026-07-31","expense","Otros Gastos","13610.00","cheque de las facturas","pending","transfer","","Scotiabank México","","","Centro Mateo","","","","","Melody Vidal","","","2026-08-10 16:55:59","2026-08-10 16:55:59"
"514","2026-07-30","income","Interes Banco/Reemplazo & Otros Ingresos","577.50","extra efectivo para la comida de la semana con Franz y Carin","pending","cash","","","Caja Chica","","Centro Mateo","","","","","Melody Vidal","","","2026-08-10 16:53:36","2026-08-10 16:53:36"
"513","2026-07-30","expense","Basura","300.00","100 pesos basura, 200 pesos gasolina","approved","cash","","Caja Chica","","","Centro Mateo","","","","","Melody Vidal","Melody Vidal","2026-08-10 16:48:27","2026-08-10 16:48:27","2026-08-10 16:48:27"
"512","2026-07-29","income","Renta Vidal/ Schmidt","5000.00","renta Vidal","pending","cash","","","Caja Chica","","Centro Mateo","","","","","Melody Vidal","","","2026-08-10 16:47:41","2026-08-10 16:47:41"
"511","2026-07-29","expense","Salario Voluntariado NUEVO Enero 2022","10500.00","Salario voluntariado Giraldo Mosquera","pending","cash","","Caja Chica","","","Centro Mateo","","","","","Melody Vidal","","","2026-08-10 16:46:54","2026-08-10 16:46:54"
"510","2026-07-28","expense","Perro","780.00","perrón premium","approved","cash","","Caja Chica","","","Centro Mateo","","","","","Melody Vidal","Melody Vidal","2026-08-10 16:46:04","2026-08-10 16:46:04","2026-08-10 16:46:04"
"509","2026-07-28","expense","Mantenimiento","529.00","comida para las gatas","approved","cash","","Caja Chica","","","Centro Mateo","","","","","Melody Vidal","Melody Vidal","2026-08-10 16:45:18","2026-08-10 16:45:18","2026-08-10 16:45:18"
"508","2026-07-28","expense","Mantenimiento","275.00","aceite Shindaiwa","approved","cash","","Caja Chica","","Shindaiwa","Centro Mateo","","","","","Melody Vidal","Melody Vidal","2026-08-10 16:44:20","2026-08-10 16:44:20","2026-08-10 16:44:20"
"507","2026-07-24","expense","Asoc. Civil","917.01","ley antilavado","approved","cash","","Caja Chica","","","Centro Mateo","","","","","Melody Vidal","Melody Vidal","2026-08-10 16:43:21","2026-08-10 16:43:21","2026-08-10 16:43:21"
"506","2026-07-24","expense","Mantenimiento","299.00","transformador Steren","approved","cash","","Caja Chica","","Steren","Centro Mateo","","","","","Melody Vidal","Melody Vidal","2026-08-10 16:42:35","2026-08-10 16:42:35","2026-08-10 16:42:35"
"505","2026-07-20","expense","Gastos y Honorarios Contables","2930.01","Honorarios para la contadora","approved","transfer","","Scotiabank México","","","Centro Mateo","","","","","Melody Vidal","Melody Vidal","2026-08-10 16:41:32","2026-08-10 16:41:32","2026-08-10 16:41:32"
"504","2026-07-20","expense","Gastos y Honorarios Contables","656.00","pago IVA retenciones","approved","transfer","","Scotiabank México","","","Centro Mateo","","","","","Melody Vidal","Melody Vidal","2026-08-10 16:40:46","2026-08-10 16:40:46","2026-08-10 16:40:46"
"503","2026-07-20","expense","Gastos y Honorarios Contables","615.00","pago impuestos ISR","approved","transfer","","Scotiabank México","","","Centro Mateo","","","","","Melody Vidal","Melody Vidal","2026-08-10 16:40:00","2026-08-10 16:40:00","2026-08-10 16:40:00"
"502","2026-07-14","expense","Relaciones Publicas","875.00","playeras Hadime Más","approved","cash","","Caja Chica","","","Centro Mateo","","","","","Melody Vidal","Melody Vidal","2026-08-10 16:38:32","2026-08-10 16:38:32","2026-08-10 16:38:32"
"501","2026-07-11","expense","Mantenimiento","419.00","bolsas de basura Costco","approved","cash","","Caja Chica","","Costco","Centro Mateo","","","","","Melody Vidal","Melody Vidal","2026-08-10 16:37:29","2026-08-10 16:37:29","2026-08-10 16:37:29"
"500","2026-07-10","expense","Gastos Equipo","825.00","Equipo - botanas y café semana capacitacion Bodega","approved","cash","","Caja Chica","","Bodega Aurrera","Centro Mateo","","","","","Melody Vidal","Melody Vidal","2026-08-10 16:36:24","2026-08-10 16:36:24","2026-08-10 16:36:24"
"499","2026-07-10","expense","Gastos Equipo","262.24","Equipo - botanas semana de capacitacion La Frutería","approved","cash","","Caja Chica","","","Centro Mateo","","","","","Melody Vidal","Melody Vidal","2026-08-10 16:35:37","2026-08-10 16:35:37","2026-08-10 16:35:37"
"498","2026-07-08","expense","Productos Limpieza","2652.92","Liquidos y materiales para limpieza SIL - pagó Vidal y lo reembolsó la caja chica","approved","cash","","Caja Chica","","SIL","Centro Mateo","","","","","Melody Vidal","Melody Vidal","2026-08-10 16:34:36","2026-08-10 16:34:36","2026-08-10 16:34:36"
"497","2026-07-08","expense","Alberca","840.40","sal y cepillo AcuaTecnia","approved","cash","","Caja Chica","","Acua Tecnia","Centro Mateo","","","","","Melody Vidal","Melody Vidal","2026-08-10 16:32:11","2026-08-10 16:32:11","2026-08-10 16:33:00"
"496","2026-07-08","expense","Agua & Comida","400.00","Agua - 14 garrafones + $22 propina","approved","cash","","Caja Chica","","José Lemus","Centro Mateo","","","","","Melody Vidal","Melody Vidal","2026-08-10 16:31:06","2026-08-10 16:31:06","2026-08-10 16:31:06"
"495","2026-07-07","expense","Mantenimiento","293.00","Raid y jabon en polvo Bodega","approved","cash","","Caja Chica","","Bodega Aurrera","","","","","","Melody Vidal","Melody Vidal","2026-08-10 16:30:10","2026-08-10 16:30:10","2026-08-10 16:30:10"
"494","2026-07-04","income","Otros Ingresos","5710.00","Ingreso - Hadime Más hospedaje 8 noches x 13 pers x $50 + 17 garrafones de agua x $30","pending","cash","","","Caja Chica","","Hadime Más","","","","","Melody Vidal","","","2026-08-10 16:26:09","2026-08-10 16:26:09"
"491","2026-07-03","expense","Basura","200.00","Basura100 y gasolina 100 para la camioneta","approved","cash","","Caja Chica","","","Centro Mateo","","","","","Melody Vidal","Melody Vidal","2026-07-03 14:35:09","2026-07-03 14:35:09","2026-07-03 19:21:31"
"493","2026-07-02","expense","Internet","1405.00","Internet Starlink - pagó Vidal con tarjeta de crédito y lo reembolsó la caja chica en efectivo","approved","cash","","Caja USD","","Starlink","Centro Mateo","","","","","Melody Vidal","Melody Vidal","2026-08-10 16:22:00","2026-08-10 16:22:00","2026-08-10 16:22:00"
"490","2026-07-02","expense","Mantenimiento","1000.00","reparación tubería Ismael Hernandez y sobrino","approved","cash","","Caja Chica","","Ismael Hernandez","Centro Mateo","","","","","Melody Vidal","Melody Vidal","2026-07-03 14:34:14","2026-07-03 14:34:14","2026-07-03 14:34:14"
"489","2026-07-02","expense","Mantenimiento","424.00","rollo soldadura, cople, codos, llave, etc","approved","cash","","Caja Chica","","","Centro Mateo","","","","","Melody Vidal","Melody Vidal","2026-07-03 14:32:41","2026-07-03 14:32:41","2026-07-03 14:32:41"
"492","2026-07-01","expense","Seguro Van","3190.03","Seguro van MAPFRE","approved","cash","","Caja Chica","","MAPFRE","Centro Mateo","","","","","Melody Vidal","Melody Vidal","2026-08-10 16:20:04","2026-08-10 16:20:04","2026-08-10 16:20:04"
"488","2026-07-01","expense","Mantenimiento","78.01","coflex acoples Ferreteria Calzada (comprado por Ismael Hernandez para el arreglo de la tubería de la cocina)","approved","cash","","Caja Chica","","Ferretería Calzada","Centro Mateo","","","","","Melody Vidal","Melody Vidal","2026-07-03 14:31:55","2026-07-03 14:31:55","2026-07-03 14:31:55"
"482","2026-06-29","expense","Mantenimiento","165.00","Pro Limp - lavatrastes Axion x2 Soriana","approved","cash","","Caja Chica","","Soriana","Centro Mateo","","","","","Melody Vidal","Melody Vidal","2026-06-30 11:47:27","2026-06-30 11:47:27","2026-06-30 11:47:27"
"481","2026-06-29","expense","Mantenimiento","102.00","M - encendedores Ferretodo del Centro","approved","cash","","Caja Chica","","Ferretodo del Centro","Centro Mateo","","","","","Melody Vidal","Melody Vidal","2026-06-30 11:46:49","2026-06-30 11:46:49","2026-06-30 11:46:49"
"480","2026-06-29","expense","Agua & Comida","400.00","Agua x14 + propina $22","approved","cash","","Caja Chica","","José Lemus","Centro Mateo","","","","","Melody Vidal","Melody Vidal","2026-06-30 11:45:57","2026-06-30 11:45:57","2026-06-30 11:45:57"
"479","2026-06-28","income","Alojamiento Nacionales","20480.00","Ingreso - renta Iglesia Fuente de Agua Viva (hospedaje 2 noches x 49 pers x $220, 1 dia x 4 pers x $110, leña $200, agua $280, -$2000 deposito)","pending","cash","","","Caja Chica","Iglesia Fuente de Agua Viva Zapopan","Centro Mateo","","","","","Melody Vidal","","","2026-06-30 11:44:10","2026-06-30 11:44:10"
"478","2026-06-26","income","Interes Banco/Reemplazo & Otros Ingresos","120.00","Ingreso - venta playera","pending","cash","","","Caja Chica","","Centro Mateo","","","","","Melody Vidal","","","2026-06-30 11:42:53","2026-06-30 11:42:53"
"477","2026-06-26","expense","Propano","3000.00","Vela Gas rellenar tanque","approved","cash","","Caja Chica","","VelaGas","Centro Mateo","","","","","Melody Vidal","Melody Vidal","2026-06-30 11:42:13","2026-06-30 11:42:13","2026-06-30 11:42:13"
"483","2026-06-25","income","Alojamiento Nacionales","2000.00","Deposito para renta el 18-20 diciembre 2026 Johan Alejandro Rosas Gueta","pending","transfer","","","Scotiabank México","Johan Alejandro Rosas Gueta","Centro Mateo","","","","","Melody Vidal","","","2026-06-30 12:10:13","2026-06-30 12:10:13"
"476","2026-06-25","expense","Agua & Comida","340.00","Agua - 12 garrafones + propina 16","approved","cash","","Caja Chica","","José Lemus","Centro Mateo","","","","","Melody Vidal","Melody Vidal","2026-06-30 11:41:16","2026-06-30 11:41:16","2026-06-30 11:41:16"
"475","2026-06-25","expense","Salario Voluntariado NUEVO Enero 2022","10500.00","Sal Vol - Giraldo Mosquera","pending","cash","","Caja Chica","","","Centro Mateo","","","","","Melody Vidal","","","2026-06-30 11:40:21","2026-06-30 11:40:21"
"474","2026-06-23","income","Alojamiento Nacionales","900.00","Ingreso - hospedaje Eli y Steward junio","pending","cash","","","Caja Chica","","Centro Mateo","","","","","Melody Vidal","","","2026-06-30 11:39:20","2026-06-30 11:39:20"
"473","2026-06-23","expense","Relaciones Publicas","780.00","RP - comida con el equipo y Eli & Steward, despedida de HADIME Misioneros","approved","cash","","Caja Chica","","","Centro Mateo","","","","","Melody Vidal","Melody Vidal","2026-06-30 11:38:27","2026-06-30 11:38:27","2026-06-30 11:38:27"
"487","2026-06-22","expense","Gastos y Honorarios Contables","5860.02","Honorarios por servicios contables y fiscales abril y mayo 2026 para la contadora Laura Ivette Morales Amaya","approved","transfer","","Scotiabank México","","Núcleo de Servicios Fiscales","Centro Mateo","","","","","Melody Vidal","Melody Vidal","2026-06-30 12:29:53","2026-06-30 12:29:53","2026-06-30 12:29:53"
"486","2026-06-22","expense","Gastos y Honorarios Contables","335.00","Impuesto IVA","approved","transfer","","Scotiabank México","","Secretaría de Hacienda y Crédito Público","Centro Mateo","","","","","Melody Vidal","Melody Vidal","2026-06-30 12:27:55","2026-06-30 12:27:55","2026-06-30 12:27:55"
"472","2026-06-22","expense","Agua & Comida","310.00","Agua - 11 garrafones x $27 ($297) + propina $13","approved","cash","","Caja Chica","","José Lemus","Centro Mateo","","","","","Melody Vidal","Melody Vidal","2026-06-30 11:37:31","2026-06-30 11:37:31","2026-06-30 11:37:31"
"484","2026-06-19","income","Alojamiento Nacionales","49580.00","Ingreso - renta Iglesia Vida (hospedaje $46,800 por 6 noches, $3,960 por 1 día, leña $400, agua $420, - deposito $2000)","pending","transfer","","","Scotiabank México","Iglesia Vida","Centro Mateo","","","","","Melody Vidal","","","2026-06-30 12:17:11","2026-06-30 12:17:11"
"471","2026-06-17","expense","Basura","100.00","Dejar basura en el basurero","approved","cash","","Caja Chica","","","Centro Mateo","","","","","Melody Vidal","Melody Vidal","2026-06-30 11:33:16","2026-06-30 11:33:16","2026-06-30 11:33:16"
"470","2026-06-16","expense","Mantenimiento","1600.00","mantenimiento estufa Whirlpool","approved","cash","","Caja Chica","","Whirlpool","Centro Mateo","","","","","Melody Vidal","Melody Vidal","2026-06-30 11:31:11","2026-06-30 11:31:11","2026-06-30 11:31:11"
"469","2026-06-16","expense","Agua & Comida","310.00","Agua - 11 garrafones x $27 ($297) + propina $13","approved","cash","","Caja Chica","","José Lemus","Centro Mateo","","","","","Melody Vidal","Melody Vidal","2026-06-30 11:30:03","2026-06-30 11:30:03","2026-06-30 11:30:03"
"468","2026-06-15","expense","Luz","77.00","Luz CFE mayo/junio","approved","","","Caja Chica","","CFE","Centro Mateo","","","","","Melody Vidal","Melody Vidal","2026-06-15 20:46:10","2026-06-15 20:46:10","2026-06-15 20:46:10"
"467","2026-06-15","expense","Asoc. Civil","900.00","ley antilavado","approved","","","Caja Chica","","","Centro Mateo","","","","","Melody Vidal","Melody Vidal","2026-06-15 20:44:54","2026-06-15 20:44:54","2026-06-15 20:44:54"
"466","2026-06-15","expense","Mantenimiento","529.00","comida para gatos","approved","","","Caja Chica","","Costco","Centro Mateo","","","","","Melody Vidal","Melody Vidal","2026-06-15 20:44:07","2026-06-15 20:44:07","2026-06-15 20:44:07"
"465","2026-06-12","expense","Agua & Comida","280.00","Agua - 10 garrafones $270 + propina $10","approved","cash","","Caja Chica","","José Lemus","Centro Mateo","","","","","Melody Vidal","Melody Vidal","2026-06-12 10:46:04","2026-06-12 10:46:04","2026-06-12 10:46:04"
"464","2026-06-11","expense","Basura","300.00","Basura 100, gasolina 200","approved","","","Caja Chica","","","Centro Mateo","","","","","Melody Vidal","Melody Vidal","2026-06-11 18:18:32","2026-06-11 18:18:32","2026-06-11 18:18:32"
"463","2026-06-07","income","Alojamiento Nacionales","17365.00","renta Iglesia Bautista de Tlajomulco (hospedaje viernes 14x$220= $3,080, sabado 62x$250= $15,500, fogata x2= $400, agua 11x$35= $385)","pending","cash","","","Caja Chica","","Centro Mateo","","","","","Melody Vidal","","","2026-06-11 18:17:52","2026-06-11 18:17:52"
"485","2026-06-05","expense","Gastos y Honorarios Contables","315.00","Impuesto ISR","approved","transfer","","Scotiabank México","","Secretaría de Hacienda y Crédito Público","Centro Mateo","","","","","Melody Vidal","Melody Vidal","2026-06-30 12:27:20","2026-06-30 12:27:20","2026-06-30 12:27:20"
"462","2026-06-05","expense","Agua & Comida","360.00","13 garrafones $351 + $9 propina","approved","","","Caja Chica","","José Lemus","Centro Mateo","","","","","Melody Vidal","Melody Vidal","2026-06-11 18:16:56","2026-06-11 18:16:56","2026-06-11 18:16:56"
"461","2026-06-05","expense","Becas y Ayudas","12000.00","CAPITAL - Beca HADIME Misioneros Steward y Eli","pending","","","Caja Chica","","","Centro Mateo","","","","","Melody Vidal","","","2026-06-11 18:16:05","2026-06-11 18:16:05"
"460","2026-06-04","expense","Basura","300.00","Basura - 100 + 200 gasolina para la camioneta","approved","","","Caja Chica","","","Centro Mateo","","","","","Melody Vidal","Melody Vidal","2026-06-11 18:12:46","2026-06-11 18:12:46","2026-06-11 18:12:46"
"459","2026-06-03","expense","Mantenimiento","40.00","estacionamiento en el Centro para las compras de la cocina","approved","","","Caja Chica","","","Centro Mateo","","","","","Melody Vidal","Melody Vidal","2026-06-11 18:11:37","2026-06-11 18:11:37","2026-06-11 18:11:37"
"458","2026-06-03","expense","Mantenimiento","1590.04","platos, mugs, cucharas, etc cocina Cristaleria La Unica","approved","","","Caja Chica","","Cristaleria La Unica","Centro Mateo","","","","","Melody Vidal","Melody Vidal","2026-06-11 18:10:59","2026-06-11 18:10:59","2026-06-11 18:10:59"
"457","2026-06-03","expense","Mantenimiento","179.00","luz para fuera del comedor Link Bits","approved","","","Caja Chica","","Link Bits","Centro Mateo","","","","","Melody Vidal","Melody Vidal","2026-06-11 18:10:02","2026-06-11 18:10:02","2026-06-11 18:10:02"
"456","2026-06-02","expense","Mantenimiento","679.00","catalizador, barniz y solv Comex","approved","","","Caja Chica","","Comex","Centro Mateo","","","","","Melody Vidal","Melody Vidal","2026-06-11 18:09:03","2026-06-11 18:09:03","2026-06-11 18:09:03"
"455","2026-06-02","income","Renta Vidal/ Schmidt","5000.00","Renta Vidal mes de junio","pending","cash","","","Caja Chica","","Centro Mateo","","","","","Melody Vidal","","","2026-06-11 18:06:55","2026-06-11 18:06:55"
"454","2026-06-02","expense","Mantenimiento","70.00","Febreeze para los dorms para que los cuartos huelen rico","approved","","","Caja Chica","","Bodega Aurrera","Centro Mateo","","","","","Melody Vidal","Melody Vidal","2026-06-11 18:06:03","2026-06-11 18:06:03","2026-06-11 18:06:03"
"453","2026-06-01","income","Alojamiento Nacionales","7725.00","Renta RETO hospedaje tarifa extendida: 34 adultos x $210 = $7140; 9 niños x $160 = $1440; 7 el domingo día x $95 = $665; fogata $200; 8 agua $280; - deposito $2000","pending","transfer","","","Scotiabank México","","Centro Mateo","","","","","Melody Vidal","","","2026-06-05 18:32:47","2026-06-11 18:02:38"
"450","2026-05-31","income","Alojamiento Nacionales","800.00","hospedaje CEM Eli y Steward mayo","pending","cash","","","Caja Chica","","Hadime Misioneros","","","","","Melody Vidal","","","2026-06-04 17:31:00","2026-06-04 17:31:00"
"449","2026-05-31","expense","Salario Voluntariado","10500.00","Salario voluntariado Giraldo Mosquera","pending","cash","","Caja Chica","","","Centro Mateo","","","","","Melody Vidal","","","2026-06-04 17:30:17","2026-06-04 17:30:17"
"448","2026-05-29","expense","Agua & Comida","210.00","7 garrafones (189) + propina (21)","approved","cash","","Caja Chica","","","Centro Mateo","","","","","Melody Vidal","Melody Vidal","2026-06-04 17:29:23","2026-06-04 17:29:23","2026-06-04 17:29:23"
"452","2026-05-27","expense","Seguro Van","3190.04","Seguro van MAPFRE","approved","","","Caja Chica","","","Centro Mateo","","","","","Melody Vidal","Melody Vidal","2026-06-05 18:15:42","2026-06-05 18:15:42","2026-06-05 18:15:42"
"447","2026-05-26","expense","Asoc. Civil","915.00","ley antilavado","approved","cash","","Caja Chica","","","Centro Mateo","","","","","Melody Vidal","Melody Vidal","2026-06-04 17:28:35","2026-06-04 17:28:35","2026-06-04 17:28:35"
"446","2026-05-25","expense","Mantenimiento","888.00","llaves, protectores, valvulas, mop total clean Home Depot","approved","","","Caja Chica","","Home Depot","Centro Mateo","","","","","Melody Vidal","Melody Vidal","2026-06-04 17:21:53","2026-06-04 17:21:53","2026-06-04 17:21:53"
"445","2026-05-24","expense","Mantenimiento","1067.00","Limpiadora de piso de madera Home Depot","approved","cash","","Caja Chica","","Home Depot","Centro Mateo","","","","","Melody Vidal","Melody Vidal","2026-06-04 17:21:01","2026-06-04 17:21:01","2026-06-04 17:21:01"
"444","2026-05-22","expense","Mantenimiento","330.00","Pijas Ferretería San Miguel","approved","","","Caja Chica","","","Centro Mateo","","","","","Melody Vidal","Melody Vidal","2026-06-04 17:20:02","2026-06-04 17:20:02","2026-06-04 17:20:02"
"443","2026-05-22","income","Renta Vidal/ Schmidt","6000.00","Renta Jen mayo","pending","cash","","","Caja Chica","","Centro Mateo","","","","","Melody Vidal","","","2026-06-04 17:18:59","2026-06-04 17:18:59"
"442","2026-05-22","income","Otros Ingresos","8299.00","Devolución de la hidrolavadora de Costco.  Costco reembolsó la tarjeta de Jen, y Jen dio el efectivo a la caja chica.","pending","cash","","","Caja Chica","","Centro Mateo","","","","","Melody Vidal","","","2026-06-04 17:18:00","2026-06-04 17:18:00"
"441","2026-05-21","expense","Salario Limpieza","200.00","Limpieza Angelica primer piso CEM","approved","cash","","Caja Chica","","","Centro Mateo","","","","","Melody Vidal","Melody Vidal","2026-06-04 17:14:55","2026-06-04 17:14:55","2026-06-04 17:14:55"
"224","2026-05-19","expense","Mantenimiento","130.00","2 insecticidas Raid","approved","cash","","5","","Bodega Aurrera","Centro Mateo","","","","","Melody Vidal","Melody Vidal","2026-05-20 13:23:07","2026-05-20 13:23:07","2026-05-20 13:23:07"
"223","2026-05-19","expense","Cuidado Perro","280.00","perrón (descontando la bolsa de LuKat que devolvemos)","approved","cash","","5","","","Centro Mateo","","","","","Melody Vidal","Melody Vidal","2026-05-20 13:15:20","2026-05-20 13:15:20","2026-05-20 13:15:20"
"222","2026-05-19","expense","Agua y Comida","400.00","14 garrafones + propina $22","approved","cash","","5","","José Lemus","Centro Mateo","","","","","Melody Vidal","Melody Vidal","2026-05-20 13:12:56","2026-05-20 13:12:56","2026-05-20 13:12:56"
"440","2026-05-16","expense","Relaciones Publicas","9022.00","Vuelo a ICOMB Tomas","approved","cash","","Caja Chica","","","Centro Mateo","","","","","Melody Vidal","Melody Vidal","2026-06-04 17:13:59","2026-06-04 17:13:59","2026-06-04 17:13:59"
"219","2026-05-16","expense","Cuidado Perro","485.10","medicamentos para pulgas Petco","approved","cash","","5","","Petco","Centro Mateo","","","","","Melody Vidal","Melody Vidal","2026-05-20 13:03:13","2026-05-20 13:03:13","2026-05-20 13:03:13"
"218","2026-05-14","expense","Salario Limpieza","200.00","Angelica limpieza primer piso CEM","approved","cash","","5","","","Centro Mateo","","","","","Melody Vidal","Melody Vidal","2026-05-20 13:02:18","2026-05-20 13:02:18","2026-05-20 13:02:18"
"221","2026-05-13","expense","Mantenimiento","843.51","10 litros de glicerina","approved","cash","","5","","Hidro-Quim","Centro Mateo","","","","","Melody Vidal","Melody Vidal","2026-05-20 13:10:19","2026-05-20 13:10:19","2026-05-20 13:10:19"
"217","2026-05-12","expense","Jardinería","235.00","tierra y humus de lombris para plantas nuevas","approved","","","5","","Bodega Aurrera","Centro Mateo","","","","","Melody Vidal","Melody Vidal","2026-05-20 12:58:19","2026-05-20 12:58:19","2026-05-20 12:58:19"
"451","2026-05-11","expense","Vehículos","559.00","Cargador para la camioneta, pedido en linea","approved","","","Caja Chica","","","Centro Mateo","","","","","Melody Vidal","Melody Vidal","2026-06-05 18:14:45","2026-06-05 18:14:45","2026-06-05 18:14:45"
"220","2026-05-10","expense","Vehículos","100.00","Gasolina para auto","approved","cash","","5","","Ener Combu-Express","Centro Mateo","","","","","Melody Vidal","Melody Vidal","2026-05-20 13:09:22","2026-05-20 13:09:22","2026-05-20 13:09:22"
"439","2026-05-09","income","Alojamiento Nacionales","9975.00","Renta Emiliana Torres  (11,660 hospedaje + 315 agua - 2000 deposito)","pending","cash","","","Caja Chica","","Centro Mateo","","","","","Melody Vidal","","","2026-06-04 17:12:12","2026-06-04 17:12:12"
"438","2026-05-09","income","Renta Vidal/ Schmidt","10000.00","Renta Vidal mes de abril y mes de mayo","pending","cash","","","Caja Chica","","Centro Mateo","","","","","Melody Vidal","","","2026-06-04 17:10:27","2026-06-04 17:10:27"
"437","2026-05-08","expense","Mantenimiento","67.00","Grapa 3/8 y grapa 5/16","approved","","","Caja Chica","","La Ferretería","Centro Mateo","","","","","Melody Vidal","Melody Vidal","2026-06-04 17:09:02","2026-06-04 17:09:02","2026-06-04 17:09:02"
"216","2026-05-08","expense","Relaciones Publicas","192.00","café haciendo vueltas para CEM Flor de Cordoba","approved","","","5","","","Centro Mateo","","","","","Melody Vidal","Melody Vidal","2026-05-20 12:56:56","2026-05-20 12:56:56","2026-05-20 12:56:56"
"215","2026-05-08","expense","Vehículos","6700.00","mantenimiento Ford Transit","approved","","","5","","","Centro Mateo","","","","","Melody Vidal","Melody Vidal","2026-05-20 12:55:39","2026-05-20 12:55:39","2026-05-20 12:55:39"
"214","2026-05-08","expense","Mantenimiento","200.00","gasolina para La Bendi usado para vueltas de mantenimiento CEM","approved","cash","","5","","","Centro Mateo","","","","","Melody Vidal","Melody Vidal","2026-05-20 12:53:02","2026-05-20 12:53:02","2026-05-20 12:53:02"
"213","2026-05-08","expense","Mantenimiento","450.00","desparacitación para las 3 gatas Veterinaria La Venta","approved","cash","","5","","","Centro Mateo","","","","","Melody Vidal","Melody Vidal","2026-05-20 12:51:50","2026-05-20 12:51:50","2026-05-20 12:51:50"
"212","2026-05-08","expense","Jardinería","700.00","plantas Vivero el Aguate (5 cenizo verde y 1 croto petra)","approved","cash","","5","","","Centro Mateo","","","","","Melody Vidal","Melody Vidal","2026-05-20 12:50:18","2026-05-20 12:50:18","2026-05-20 12:50:18"
"211","2026-05-08","expense","Agua y Comida","230.00","8 garrafones de agua + propina","approved","cash","","5","","","Centro Mateo","","","","","Melody Vidal","Melody Vidal","2026-05-20 12:48:43","2026-05-20 12:48:43","2026-05-20 12:48:43"
"210","2026-05-07","expense","Salario Limpieza","200.00","Angelica limpieza primer piso CEM","approved","cash","","5","","","Centro Mateo","","","","","Melody Vidal","Melody Vidal","2026-05-20 12:47:04","2026-05-20 12:47:04","2026-05-20 12:47:04"
"208","2026-05-07","expense","Basura","300.00","100 pesos para basura y 200 para gasolina para la camioneta de Isra","approved","cash","","5","","","Centro Mateo","","","","","Melody Vidal","Melody Vidal","2026-05-20 12:44:35","2026-05-20 12:44:35","2026-05-20 12:44:35"
"436","2026-05-06","income","Alojamiento Nacionales","1300.00","Steward y Eli pagaron hospedaje del mes de abril","pending","cash","","","Caja Chica","","Hadime Misioneros","","","","","Melody Vidal","","","2026-06-04 17:06:09","2026-06-04 17:06:09"
"207","2026-05-06","expense","Becas y Ayudas","12000.00","Beca HADIME Misioneros Steward y Eli","pending","cash","","5","","","Hadime Misioneros","","","","","Melody Vidal","","","2026-05-19 12:40:21","2026-05-19 12:40:21"
"206","2026-05-06","expense","Gasolina Van","1850.13","Gasolina para la camioneta Transit","approved","","","5","","","","","","","","Melody Vidal","Melody Vidal","2026-05-19 12:38:07","2026-05-19 12:38:07","2026-05-19 12:38:07"
"205","2026-05-05","expense","Mantenimiento","369.00","Bolsas de basura","approved","","","5","","Costco","","","","","","Melody Vidal","Melody Vidal","2026-05-19 12:36:43","2026-05-19 12:36:43","2026-05-19 12:36:43"
"204","2026-05-02","expense","Internet","1305.00","Internet Starlink","approved","","","5","","Starlink","","","","","","Melody Vidal","Melody Vidal","2026-05-19 12:35:19","2026-05-19 12:35:19","2026-05-19 12:35:19"
"203","2026-05-01","income","Alojamiento Nacionales","3000.00","Renta Iglesia Vida AR (retiro x 1 día, 22 personas)","pending","cash","","","5","Iglesia Vida AR","","","","","","Melody Vidal","","","2026-05-19 12:33:59","2026-05-19 12:33:59"
"435","2026-04-30","expense","Alberca","1780.00","M - 5 sacos de sal (los ultimos se hecharon a perder)","approved","transfer","ABR26-R101","","","","","[Fondo de Operaciones]","","","","Centro Mateo","","","2026-05-21 04:03:59","2026-05-21 04:03:59"
"434","2026-04-30","expense","Mantenimiento","131.00","M - veneno para el jardin","approved","transfer","ABR26-R99","","","","","[Fondo de Operaciones]","","","","Centro Mateo","","","2026-05-21 04:03:59","2026-05-21 04:03:59"
"433","2026-04-30","expense","Mantenimiento","479.80","M - gasolina para podadores","approved","transfer","ABR26-R97","","","","","[Fondo de Operaciones]","","","","Centro Mateo","","","2026-05-21 04:03:59","2026-05-21 04:03:59"
"432","2026-04-30","expense","Asoc. Civil","4540.00","AC - 900 ley antilavado, 2640 Inversion Extranjera, 1000 declaracion anual Eleazar","approved","transfer","ABR26-R94","","","","","[Fondo de Propiedad]","","","","Centro Mateo","","","2026-05-21 04:03:59","2026-05-21 04:03:59"
"431","2026-04-30","expense","Salario Limpieza","200.00","Limpieza - Angelica - primer piso","approved","transfer","ABR26-R92","","","","","[Fondo de Operaciones]","","","","Centro Mateo","","","2026-05-21 04:03:59","2026-05-21 04:03:59"
"430","2026-04-30","expense","Alberca","1048.20","Alberca- probador de sal para alberca","approved","transfer","ABR26-R90","","","","","[Fondo de Operaciones]","","","","Centro Mateo","","","2026-05-21 04:03:59","2026-05-21 04:03:59"
"429","2026-04-30","expense","Propano","3000.00","Gas - propano","approved","transfer","ABR26-R88","","","","","[Fondo de Propiedad]","","","","Centro Mateo","","","2026-05-21 04:03:59","2026-05-21 04:03:59"
"428","2026-04-29","expense","Agua & Comida","420.00","Agua - 15 garafones de agua","approved","transfer","ABR26-R86","","","","","[Fondo de Propiedad]","","","","Centro Mateo","","","2026-05-21 04:03:59","2026-05-21 04:03:59"
"202","2026-04-29","expense","Seguro Van","3190.03","seguro van MAPFRE","approved","","","5","","MAPFRE","","","","","","Melody Vidal","Melody Vidal","2026-05-18 16:11:27","2026-05-18 16:11:27","2026-05-18 16:11:27"
"201","2026-04-29","expense","Seguro Van","3190.03","seguro van MAPFRE","approved","","","5","","MAPFRE","Centro Mateo","","","","","Melody Vidal","Melody Vidal","2026-05-18 14:10:28","2026-05-18 14:10:28","2026-05-18 14:10:28"
"427","2026-04-28","expense","Salario Voluntariado NUEVO Enero 2022","10500.00","Salarios - Giraldo de abril","approved","transfer","ABR26-R84","","","","","[Fondo de Operaciones]","","","","Centro Mateo","","","2026-05-21 04:03:59","2026-05-21 04:03:59"
"426","2026-04-26","income","Alojamiento Int'l","8000.00","Ingreso - renta 5ta IAFCJ Guadalajara","approved","transfer","ABR26-R82","","","","","[Ingresos]","","","","Centro Mateo","","","2026-05-21 04:03:59","2026-05-21 04:03:59"
"425","2026-04-26","expense","Agua & Comida","385.00","Ingreso - renta 5ta IAFCJ Guadalajara","approved","transfer","ABR26-R80","","","","","[Fondo de Propiedad]","","","","Centro Mateo","","","2026-05-21 04:03:59","2026-05-21 04:03:59"
"424","2026-04-26","income","Alojamiento Int'l","4820.00","Ingreso - renta 5ta IAFCJ Guadalajara","approved","transfer","ABR26-R80","","","","","[Ingresos]","","","","Centro Mateo","","","2026-05-21 04:03:59","2026-05-21 04:03:59"
"423","2026-04-24","expense","Mantenimiento","6400.00","M - salarios Hernandez 4 dias x 2 personas x 800 pesos","approved","transfer","ABR26-R78","","","","","[Fondo de Operaciones]","","","","Centro Mateo","","","2026-05-21 04:03:59","2026-05-21 04:03:59"
"422","2026-04-23","expense","Salario Limpieza","400.00","Limpieza Angelica - 2 semanas","approved","transfer","ABR26-R76","","","","","[Fondo de Operaciones]","","","","Centro Mateo","","","2026-05-21 04:03:59","2026-05-21 04:03:59"
"421","2026-04-22","expense","Mantenimiento","803.00","M - selantes, cintas","approved","transfer","ABR26-R74","","","","","[Fondo de Operaciones]","","","","Centro Mateo","","","2026-05-21 04:03:59","2026-05-21 04:03:59"
"420","2026-04-22","expense","Mantenimiento","157.00","M - arreglo conexión hidrolavadora","approved","transfer","ABR26-R72","","","","","[Fondo de Operaciones]","","","","Centro Mateo","","","2026-05-21 04:03:59","2026-05-21 04:03:59"
"419","2026-04-21","expense","Gastos y Honorarios Contables","2930.01","Conta- honorarios por gastos fiscales y contables","approved","transfer","ABR26-R70","","","","","[Fondo de Operaciones]","","","","Centro Mateo","","","2026-05-21 04:03:59","2026-05-21 04:03:59"
"418","2026-04-21","expense","Gastos y Honorarios Contables","328.00","Cont - Impuestos IVA","approved","transfer","ABR26-R68","","","","","[Fondo de Operaciones]","","","","Centro Mateo","","","2026-05-21 04:03:59","2026-05-21 04:03:59"
"417","2026-04-21","expense","Gastos y Honorarios Contables","316.00","Cont - Impuestos ISR","approved","transfer","ABR26-R66","","","","","[Fondo de Operaciones]","","","","Centro Mateo","","","2026-05-21 04:03:59","2026-05-21 04:03:59"
"416","2026-04-21","expense","Mantenimiento","5550.00","M - 3 botes de imperm casther","approved","transfer","ABR26-R64","","","","","[Fondo de Operaciones]","","","","Centro Mateo","","","2026-05-21 04:03:59","2026-05-21 04:03:59"
"415","2026-04-20","expense","Agua & Comida","474.00","Agua - 17 garafones de agua","approved","transfer","ABR26-R62","","","","","[Fondo de Propiedad]","","","","Centro Mateo","","","2026-05-21 04:03:59","2026-05-21 04:03:59"
"414","2026-04-17","income","Alojamiento Int'l","4500.00","Ingreso - Crossway - donacion extra por liderazgo mexicana hospedaje","approved","transfer","ABR26-R60","","","","","[Ingresos]","","","","Centro Mateo","","","2026-05-21 04:03:59","2026-05-21 04:03:59"
"413","2026-04-17","expense","Agua & Comida","856.00","Ingreso - Crossway - dinero extra - 856 de agua, 4000 para playeras compradas, 10000 donacion extra al hospedaje","approved","transfer","ABR26-R58","","","","","[Fondo de Propiedad]","","","","Centro Mateo","","","2026-05-21 04:03:59","2026-05-21 04:03:59"
"412","2026-04-17","expense","Relaciones Publicas","4000.00","Ingreso - Crossway - dinero extra - 856 de agua, 4000 para playeras compradas, 10000 donacion extra al hospedaje","approved","transfer","ABR26-R58","","","","","[Fondo de Operaciones]","","","","Centro Mateo","","","2026-05-21 04:03:59","2026-05-21 04:03:59"
"411","2026-04-17","income","Alojamiento Int'l","10000.00","Ingreso - Crossway - dinero extra - 856 de agua, 4000 para playeras compradas, 10000 donacion extra al hospedaje","approved","transfer","ABR26-R58","","","","","[Ingresos]","","","","Centro Mateo","","","2026-05-21 04:03:59","2026-05-21 04:03:59"
"410","2026-04-17","income","Renta Vidal/ Schmidt","6000.00","Ingreso - Jen renta en Abril","approved","transfer","ABR26-R55","","","","","[Ingresos]","","","","Centro Mateo","","","2026-05-21 04:03:59","2026-05-21 04:03:59"
"409","2026-04-17","expense","Mantenimiento","344.00","M - arreglo rainbird","approved","transfer","ABR26-R53","","","","","[Fondo de Operaciones]","","","","Centro Mateo","","","2026-05-21 04:03:59","2026-05-21 04:03:59"
"408","2026-04-17","capital","Gastos de Capital","6500.00","CA - Alex Diaz apoyo mas 1500 pesos por papel brincado","approved","transfer","ABR26-R51","","","","","[Gastos Capital]","","","","Centro Mateo","","","2026-05-21 04:03:59","2026-05-21 04:03:59"
"407","2026-04-16","expense","Mantenimiento","8000.00","M - salarios Hernandez 5 dias x 2 personas x 800 pesos","approved","transfer","ABR26-R49","","","","","[Fondo de Operaciones]","","","","Centro Mateo","","","2026-05-21 04:03:59","2026-05-21 04:03:59"
"406","2026-04-16","expense","Seguro Vehiculo","50.00","Camioneta - estacionamiento para los. Papeles","approved","transfer","ABR26-R47","","","","","[Vehiculo]","","","","Centro Mateo","","","2026-05-21 04:03:59","2026-05-21 04:03:59"
"405","2026-04-16","expense","Gasolina Vehiculo","851.70","Camioneta - gas para la van","approved","transfer","ABR26-R45","","","","","[Vehiculo]","","","","Centro Mateo","","","2026-05-21 04:03:59","2026-05-21 04:03:59"
"404","2026-04-16","expense","Mantenimiento","700.00","M - juan Ramon arreglo de la bomba","approved","transfer","ABR26-R43","","","","","[Fondo de Operaciones]","","","","Centro Mateo","","","2026-05-21 04:03:59","2026-05-21 04:03:59"
"403","2026-04-15","expense","Mantenimiento","1583.00","M - rodillos, paint supplies para impermabilizar","approved","transfer","ABR26-R41","","","","","[Fondo de Operaciones]","","","","Centro Mateo","","","2026-05-21 04:03:59","2026-05-21 04:03:59"
"402","2026-04-15","expense","Mantenimiento","150.00","M - gasolina para las maquinas","approved","transfer","ABR26-R39","","","","","[Fondo de Operaciones]","","","","Centro Mateo","","","2026-05-21 04:03:59","2026-05-21 04:03:59"
"401","2026-04-14","expense","Luz","77.00","Luz - CFE","approved","transfer","ABR26-R37","","","","","[Fondo de Propiedad]","","","","Centro Mateo","","","2026-05-21 04:03:59","2026-05-21 04:03:59"
"400","2026-04-13","income","Alojamiento Nacionales","1000.00","Ingreso - Steward & Eli en CEM en marzo","approved","transfer","ABR26-R35","","","","","[Ingresos]","","","","Centro Mateo","","","2026-05-21 04:03:59","2026-05-21 04:03:59"
"399","2026-04-13","income","Interes Banco/Reemplazo & Otros Ingresos","50.00","Ingreso - de reciclaje","approved","transfer","ABR26-R33","","","","","[Ingresos]","","","","Centro Mateo","","","2026-05-21 04:03:59","2026-05-21 04:03:59"
"398","2026-04-11","expense","Alberca","90.00","Alberca - botelas para el analisis","approved","transfer","ABR26-R31","","","","","[Fondo de Operaciones]","","","","Centro Mateo","","","2026-05-21 04:03:59","2026-05-21 04:03:59"
"397","2026-04-10","expense","Productos Limpieza","1983.60","Productos de limpieza - SIL","approved","transfer","ABR26-R29","","","","","[Fondo de Operaciones]","","","","Centro Mateo","","","2026-05-21 04:03:59","2026-05-21 04:03:59"
"396","2026-04-10","expense","Mantenimiento","30.00","M - estacionamiento","approved","transfer","ABR26-R27","","","","","[Fondo de Operaciones]","","","","Centro Mateo","","","2026-05-21 04:03:59","2026-05-21 04:03:59"
"395","2026-04-10","expense","Mantenimiento","1014.00","M - amperimetro de gancho","approved","transfer","ABR26-R25","","","","","[Fondo de Operaciones]","","","","Centro Mateo","","","2026-05-21 04:03:59","2026-05-21 04:03:59"
"394","2026-04-10","expense","Alberca","1345.60","Alberca - analisis","approved","transfer","ABR26-R23","","","","","[Fondo de Operaciones]","","","","Centro Mateo","","","2026-05-21 04:03:59","2026-05-21 04:03:59"
"393","2026-04-09","expense","Agua & Comida","342.63","Comida - hospedaje de comida - CCM y Multiply","approved","transfer","ABR26-R21","","","","","[Fondo de Propiedad]","","","","Centro Mateo","","","2026-05-21 04:03:59","2026-05-21 04:03:59"
"392","2026-04-09","expense","Mantenimiento","234.74","M - rain bird 4 - assurant - 4 años","approved","transfer","ABR26-R19","","","","","[Fondo de Operaciones]","","","","Centro Mateo","","","2026-05-21 04:03:59","2026-05-21 04:03:59"
"391","2026-04-09","expense","Mantenimiento","2899.99","M - rain bird 4 estaciones","approved","transfer","ABR26-R17","","","","","[Fondo de Operaciones]","","","","Centro Mateo","","","2026-05-21 04:03:59","2026-05-21 04:03:59"
"390","2026-04-09","expense","Salario Limpieza","200.00","Limpieza - Angelica Primer piso","approved","transfer","ABR26-R15","","","","","[Fondo de Operaciones]","","","","Centro Mateo","","","2026-05-21 04:03:59","2026-05-21 04:03:59"
"389","2026-04-09","expense","Perro","780.00","Perro - dog food","approved","transfer","ABR26-R13","","","","","[Fondo de Operaciones]","","","","Centro Mateo","","","2026-05-21 04:03:59","2026-05-21 04:03:59"
"388","2026-04-08","expense","Seguro Vehiculo","1817.00","Van - permiso para transitar sin placas","approved","transfer","ABR26-R11","","","","","[Vehiculo]","","","","Centro Mateo","","","2026-05-21 04:03:59","2026-05-21 04:03:59"
"387","2026-04-07","income","Alojamiento Nacionales","6590.00","Ingreso - 27 adultos, x 200 pesos x 1 noche + 7 niños x 170 x 1 noche - depositado a la cuenta en Marzo de Crossway","approved","transfer","ABR26-R10","","","","","[Ingresos]","","","","Centro Mateo","","","2026-05-21 04:03:59","2026-05-21 04:03:59"
"384","2026-04-02","expense","Agua & Comida","420.00","Agua - 15 garrafones","approved","transfer","ABR26-R5","","","","","[Fondo de Propiedad]","","","","Centro Mateo","","","2026-05-21 04:03:59","2026-05-21 04:03:59"
"386","2026-04-01","expense","Internet","1305.00","Internet - Starlink","approved","transfer","ABR26-R8","","","","","[Fondo de Operaciones]","","","","Centro Mateo","","","2026-05-21 04:03:59","2026-05-21 04:03:59"
"385","2026-04-01","income","Alojamiento Int'l","32200.00","Ingreso - renta 20 personas x 7 noches x 230 pesos por noche - depositado a la cuenta en Marzo de crossway","approved","transfer","ABR26-R7","","","","","[Ingresos]","","","","Centro Mateo","","","2026-05-21 04:03:59","2026-05-21 04:03:59"
"383","2026-03-31","income","Interes Banco/Reemplazo & Otros Ingresos","3669.54","Bank Interest Income","approved","transfer","MAR26-R125","","","","","[Ingresos]","","","","Centro Mateo","","","2026-05-21 04:03:59","2026-05-21 04:03:59"
"382","2026-03-31","expense","Comisiones Bancarias","520.00","Bank Expenses - monthly fee","approved","transfer","MAR26-R123","","","","","[Fondo de Operaciones]","","","","Centro Mateo","","","2026-05-21 04:03:59","2026-05-21 04:03:59"
"381","2026-03-31","expense","Comisiones Bancarias","83.20","Bank Expenses - IVA","approved","transfer","MAR26-R121","","","","","[Fondo de Operaciones]","","","","Centro Mateo","","","2026-05-21 04:03:59","2026-05-21 04:03:59"
"380","2026-03-31","income","Renta Vidal/ Schmidt","6000.00","Ingreso - renta de Jen en marzo","approved","transfer","MAR26-R115","","","","","[Ingresos]","","","","Centro Mateo","","","2026-05-21 04:03:59","2026-05-21 04:03:59"
"379","2026-03-31","expense","Salario Voluntariado NUEVO Enero 2022","10500.00","Salario Voluntarios - Giraldo | April 20,2026","approved","transfer","MAR26-R111","","","","","[Fondo de Operaciones]","","","","Centro Mateo","","","2026-05-21 04:03:59","2026-05-21 04:03:59"
"378","2026-03-31","income","Interes Banco/Reemplazo & Otros Ingresos","940.00","Ingreso - venta de playeras","approved","transfer","MAR26-R109","","","","","[Ingresos]","","","","Centro Mateo","","","2026-05-21 04:03:59","2026-05-21 04:03:59"
"377","2026-03-27","expense","Asoc. Civil","4700.00","AC - ley antilavado (más costoso este mes por la compra de la van) | April 20,2026","approved","transfer","MAR26-R107","","","","","[Fondo de Propiedad]","","","","Centro Mateo","","","2026-05-21 04:03:59","2026-05-21 04:03:59"
"376","2026-03-27","expense","Seguro Vehiculo","4106.44","Seguro van (nuevo) MAPFRE","approved","transfer","MAR26-R105","","","","","[Vehiculo]","","","","Centro Mateo","","","2026-05-21 04:03:59","2026-05-21 04:03:59"
"375","2026-03-27","income","Renta Vidal/ Schmidt","5000.00","Ingreso - renta Vidal","approved","transfer","MAR26-R103","","","","","[Ingresos]","","","","Centro Mateo","","","2026-05-21 04:03:59","2026-05-21 04:03:59"
"374","2026-03-26","expense","Salario Limpieza","200.00","Sal Limp - limpieza primer piso CEM Angelica | April 20,2026","approved","transfer","MAR26-R101","","","","","[Fondo de Operaciones]","","","","Centro Mateo","","","2026-05-21 04:03:59","2026-05-21 04:03:59"
"373","2026-03-26","expense","Alberca","2785.54","A - quimico Innovation en Albercas y Tecnología para el Agua","approved","transfer","MAR26-R99","","","","","[Fondo de Operaciones]","","","","Centro Mateo","","","2026-05-21 04:03:59","2026-05-21 04:03:59"
"372","2026-03-26","expense","Agua & Comida","425.00","Agua - 15 garrafones x $27 c/u + propina $20","approved","transfer","MAR26-R97","","","","","[Fondo de Propiedad]","","","","Centro Mateo","","","2026-05-21 04:03:59","2026-05-21 04:03:59"
"371","2026-03-24","expense","Mantenimiento","153.00","M - juego de conectores y llave de esfera de latón FESOL","approved","transfer","MAR26-R93","","","","","[Fondo de Operaciones]","","","","Centro Mateo","","","2026-05-21 04:03:59","2026-05-21 04:03:59"
"370","2026-03-24","expense","Mantenimiento","500.00","M - Lukat comida para gatos","approved","transfer","MAR26-R91","","","","","[Fondo de Operaciones]","","","","Centro Mateo","","","2026-05-21 04:03:59","2026-05-21 04:03:59"
"369","2026-03-24","expense","Mantenimiento","500.00","M - Lukat comida para gatos | April 20,2026","approved","transfer","MAR26-R89","","","","","[Fondo de Operaciones]","","","","Centro Mateo","","","2026-05-21 04:03:59","2026-05-21 04:03:59"
"368","2026-03-23","expense","Mantenimiento","200.00","M - gasolina para auto compras productos alberca Tala y La Venta","approved","transfer","MAR26-R87","","","","","[Fondo de Operaciones]","","","","Centro Mateo","","","2026-05-21 04:03:59","2026-05-21 04:03:59"
"367","2026-03-23","expense","Alberca","290.00","A - kit cl y pH Albercas Kreativas","approved","transfer","MAR26-R85","","","","","[Fondo de Operaciones]","","","","Centro Mateo","","","2026-05-21 04:03:59","2026-05-21 04:03:59"
"366","2026-03-23","expense","Mantenimiento","75.00","M - soldadura FESOL | April 20,2026","approved","transfer","MAR26-R83","","","","","[Fondo de Operaciones]","","","","Centro Mateo","","","2026-05-21 04:03:59","2026-05-21 04:03:59"
"365","2026-03-23","expense","Mantenimiento","52.50","M - resanalack Maderería Rivera","approved","transfer","MAR26-R81","","","","","[Fondo de Operaciones]","","","","Centro Mateo","","","2026-05-21 04:03:59","2026-05-21 04:03:59"
"364","2026-03-20","capital","Gastos de Capital","403.22","CA - wire fees from bank account 347.60 + 55.62","approved","transfer","MAR26-R79","","","","","[Gastos Capital]","","","","Centro Mateo","","","2026-05-21 04:03:59","2026-05-21 04:03:59"
"363","2026-03-19","expense","Salario Limpieza","400.00","Sal Limp - Angelica primer piso CEM 2 semanas | April 20,2026","approved","transfer","MAR26-R77","","","","","[Fondo de Operaciones]","","","","Centro Mateo","","","2026-05-21 04:03:59","2026-05-21 04:03:59"
"362","2026-03-19","income","Interes Banco/Reemplazo & Otros Ingresos","187.00","Ingreso - venta chatarra y reciclaje","approved","transfer","MAR26-R75","","","","","[Ingresos]","","","","Centro Mateo","","","2026-05-21 04:03:59","2026-05-21 04:03:59"
"361","2026-03-18","income","Alojamiento Nacionales","6920.00","Ingreso - renta Iglesia Amor y Gracia","approved","transfer","MAR26-R73","","","","","[Ingresos]","","","","Centro Mateo","","","2026-05-21 04:03:59","2026-05-21 04:03:59"
"360","2026-03-18","income","Alojamiento Nacionales","8000.00","Ingreso - renta Iglesia Amor y Gracia","approved","transfer","MAR26-R71","","","","","[Ingresos]","","","","Centro Mateo","","","2026-05-21 04:03:59","2026-05-21 04:03:59"
"359","2026-03-18","expense","Alberca","15723.88","A - celda sin carcaza y servicio y/o instalación AcuaTecnia","approved","transfer","MAR26-R69","","","","","[Fondo de Operaciones]","","","","Centro Mateo","","","2026-05-21 04:03:59","2026-05-21 04:03:59"
"358","2026-03-18","expense","Basura","100.00","Basura","approved","transfer","MAR26-R67","","","","","[Fondo de Propiedad]","","","","Centro Mateo","","","2026-05-21 04:03:59","2026-05-21 04:03:59"
"357","2026-03-18","expense","Gastos y Honorarios Contables","328.00","Contables - IVA gastos de impuestos","approved","transfer","MAR26-R65","","","","","[Fondo de Operaciones]","","","","Centro Mateo","","","2026-05-21 04:03:59","2026-05-21 04:03:59"
"356","2026-03-17","expense","Gastos y Honorarios Contables","307.00","Contables - ISR impuestos","approved","transfer","MAR26-R63","","","","","[Fondo de Operaciones]","","","","Centro Mateo","","","2026-05-21 04:03:59","2026-05-21 04:03:59"
"355","2026-03-17","expense","Mantenimiento","592.00","M - llave, conector, guardapolvo, adaptores FESOL | April 20,2026","approved","transfer","MAR26-R61","","","","","[Fondo de Operaciones]","","","","Centro Mateo","","","2026-05-21 04:03:59","2026-05-21 04:03:59"
"354","2026-03-17","expense","Mantenimiento","11.00","M - empaques de pvc FESOL","approved","transfer","MAR26-R59","","","","","[Fondo de Operaciones]","","","","Centro Mateo","","","2026-05-21 04:03:59","2026-05-21 04:03:59"
"353","2026-03-17","expense","Mantenimiento","150.00","M - gasolina","approved","transfer","MAR26-R57","","","","","[Fondo de Operaciones]","","","","Centro Mateo","","","2026-05-21 04:03:59","2026-05-21 04:03:59"
"352","2026-03-17","expense","Productos Limpieza","240.00","Pro Limp - mas color","approved","transfer","MAR26-R55","","","","","[Fondo de Operaciones]","","","","Centro Mateo","","","2026-05-21 04:03:59","2026-05-21 04:03:59"
"351","2026-03-15","expense","Mantenimiento","583.00","M - llaves, thinner, resanador, valvula Sodimac | April 20,2026","approved","transfer","MAR26-R53","","","","","[Fondo de Operaciones]","","","","Centro Mateo","","","2026-05-21 04:03:59","2026-05-21 04:03:59"
"350","2026-03-15","expense","Agua & Comida","385.00","Ingreso - garrafones de agua grupo de renta Iglesia Amor y Gracia","approved","transfer","MAR26-R51","","","","","[Fondo de Propiedad]","","","","Centro Mateo","","","2026-05-21 04:03:59","2026-05-21 04:03:59"
"349","2026-03-14","expense","Mantenimiento","156.00","M - acido muriatico Ferretería Franco | April 20,2026","approved","transfer","MAR26-R49","","","","","[Fondo de Operaciones]","","","","Centro Mateo","","","2026-05-21 04:03:59","2026-05-21 04:03:59"
"348","2026-03-13","expense","Alberca","1080.00","A - peroxido de hidrogeno | April 20,2026","approved","transfer","MAR26-R47","","","","","[Fondo de Operaciones]","","","","Centro Mateo","","","2026-05-21 04:03:59","2026-05-21 04:03:59"
"347","2026-03-12","expense","Mantenimiento","8299.00","M - hidrolavadora Coscto | April 20,2026","approved","transfer","MAR26-R45","","","","","[Fondo de Operaciones]","","","","Centro Mateo","","","2026-05-21 04:03:59","2026-05-21 04:03:59"
"346","2026-03-10","expense","Mantenimiento","107.99","M - remache y cinta masking Aceros y Materiales Constructivo | April 20,2026","approved","transfer","MAR26-R43","","","","","[Fondo de Operaciones]","","","","Centro Mateo","","","2026-05-21 04:03:59","2026-05-21 04:03:59"
"345","2026-03-10","expense","Mantenimiento","800.00","M - 1 día de trabajo x 1 persona Ismael Hernandez | April 20,2026","approved","transfer","MAR26-R41","","","","","[Fondo de Operaciones]","","","","Centro Mateo","","","2026-05-21 04:03:59","2026-05-21 04:03:59"
"344","2026-03-10","expense","Mantenimiento","167.00","M - junteador para arreglo de baño publico | April 20,2026","approved","transfer","MAR26-R39","","","","","[Fondo de Operaciones]","","","","Centro Mateo","","","2026-05-21 04:03:59","2026-05-21 04:03:59"
"343","2026-03-10","expense","Agua & Comida","420.00","Agua - 15 garafones de agua mas propina | April 20,2026","approved","transfer","MAR26-R37","","","","","[Fondo de Propiedad]","","","","Centro Mateo","","","2026-05-21 04:03:59","2026-05-21 04:03:59"
"342","2026-03-06","capital","Gastos de Capital","15000.00","Camionet Nueva - papeles y placas a Alex Diaz","approved","transfer","MAR26-R35","","","","","[Gastos Capital]","","","","Centro Mateo","","","2026-05-21 04:03:59","2026-05-21 04:03:59"
"341","2026-03-06","expense","Mantenimiento","69.46","M - pasadores para baños de mujeres","approved","transfer","MAR26-R33","","","","","[Fondo de Operaciones]","","","","Centro Mateo","","","2026-05-21 04:03:59","2026-05-21 04:03:59"
"340","2026-03-06","expense","Alberca","811.16","Alberca - Dicloro Klaren | April 20,2026","approved","transfer","MAR26-R31","","","","","[Fondo de Operaciones] F","","","","Centro Mateo","","","2026-05-21 04:03:59","2026-05-21 04:03:59"
"339","2026-03-06","expense","Alberca","2005.00","Alberca- 4 sacos de sal, bajar PH","approved","transfer","MAR26-R29","","","","","[Fondo de Operaciones]","","","","Centro Mateo","","","2026-05-21 04:03:59","2026-05-21 04:03:59"
"338","2026-03-06","expense","Mantenimiento","6400.00","Manto - salarios Hernandez - 4 dias | April 20,2026","approved","transfer","MAR26-R27","","","","","[Fondo de Operaciones]","","","","Centro Mateo","","","2026-05-21 04:03:59","2026-05-21 04:03:59"
"337","2026-03-05","expense","Salario Limpieza","200.00","Limpieza Angelica - primer piso | April 20,2026","approved","transfer","MAR26-R25","","","","","[Fondo de Operaciones]","","","","Centro Mateo","","","2026-05-21 04:03:59","2026-05-21 04:03:59"
"336","2026-03-05","expense","Mantenimiento","150.00","M - tubo de cobre para taponear la fuga de agua en el baño publico | April 20,2026","approved","transfer","MAR26-R23","","","","","[Fondo de Operaciones]","","","","Centro Mateo","","","2026-05-21 04:03:59","2026-05-21 04:03:59"
"335","2026-03-05","expense","Mantenimiento","480.00","M - tubo solar - calentador solar de dormitorios que se tronó cuando se hizo mantenimeinto | April 20,2026","approved","transfer","MAR26-R21","","","","","[Fondo de Operaciones]","","","","Centro Mateo","","","2026-05-21 04:03:59","2026-05-21 04:03:59"
"334","2026-03-05","expense","Mantenimiento","115.00","M - saco de pega Azulejo | April 20,2026","approved","transfer","MAR26-R19","","","","","[Fondo de Operaciones]","","","","Centro Mateo","","","2026-05-21 04:03:59","2026-05-21 04:03:59"
"333","2026-03-04","capital","Gastos de Capital","865000.00","Camioneta Nueva (en dos pagos se hizo una factura)","approved","transfer","MAR26-R17","","","","","[Gastos Capital]","","","","Centro Mateo","","","2026-05-21 04:03:59","2026-05-21 04:03:59"
"332","2026-03-04","expense","Mantenimiento","12900.00","M . Impermabilizante | April 20,2026","approved","transfer","MAR26-R15","","","","","[Fondo de Operaciones]","","","","Centro Mateo","","","2026-05-21 04:03:59","2026-05-21 04:03:59"
"331","2026-03-04","expense","Mantenimiento","101.99","M - tapones para arreglo de casa de Tomas | April 20,2026","approved","transfer","MAR26-R13","","","","","[Fondo de Operaciones]","","","","Centro Mateo","","","2026-05-21 04:03:59","2026-05-21 04:03:59"
"330","2026-03-03","expense","Gastos y Honorarios Contables","2930.01","Contable - honorarios por servicios fiscales y contables","approved","transfer","MAR26-R11","","","","","[Fondo de Operaciones]","","","","Centro Mateo","","","2026-05-21 04:03:59","2026-05-21 04:03:59"
"329","2026-03-03","expense","Gasolina Vehiculo","500.00","Gasolina para la Camioneta Nueva","approved","transfer","MAR26-R9","","","","","[Vehiculo]","","","","Centro Mateo","","","2026-05-21 04:03:59","2026-05-21 04:03:59"
"328","2026-03-03","expense","Internet","1305.00","Internet - Starlink","approved","transfer","MAR26-R7","","","","","[Fondo de Operaciones]","","","","Centro Mateo","","","2026-05-21 04:03:59","2026-05-21 04:03:59"
"327","2026-03-02","capital","Gastos de Capital","1800.00","Camioneta NUEVA - Van - permiso para transitar sin placas","approved","transfer","MAR26-R5","","","","","[Gastos Capital]","","","","Centro Mateo","","","2026-05-21 04:03:59","2026-05-21 04:03:59"
"326","2026-02-28","income","Interes Banco/Reemplazo & Otros Ingresos","4468.66","Bank Interest Income","approved","transfer","FEB26-R136","","","","","[Ingresos]","","","","Centro Mateo","","","2026-05-21 04:03:59","2026-05-21 04:03:59"
"325","2026-02-28","expense","Comisiones Bancarias","104.08","Bank Expenses - monthly fee","approved","transfer","FEB26-R134","","","","","[Fondo de Operaciones]","","","","Centro Mateo","","","2026-05-21 04:03:59","2026-05-21 04:03:59"
"324","2026-02-28","expense","Comisiones Bancarias","520.00","Bank Expenses - IVA","approved","transfer","FEB26-R132","","","","","[Fondo de Operaciones]","","","","Centro Mateo","","","2026-05-21 04:03:59","2026-05-21 04:03:59"
"323","2026-02-27","expense","Salario Voluntariado NUEVO Enero 2022","10500.00","Salario - sandy y Didier, febrero","approved","transfer","FEB26-R124","","","","","[Fondo de Operaciones]","","","","Centro Mateo","","","2026-05-21 04:03:59","2026-05-21 04:03:59"
"322","2026-02-26","income","Alojamiento Nacionales","100.00","Ingreso - hospedaje 1 noche Eli y Steward Falk","approved","transfer","FEB26-R120","","","","","[Ingresos]","","","","Centro Mateo","","","2026-05-21 04:03:59","2026-05-21 04:03:59"
"321","2026-02-26","expense","Salario Limpieza","200.00","Sal Limp - Angelica limpieza primer piso CEM","approved","transfer","FEB26-R118","","","","","[Fondo de Operaciones]","","","","Centro Mateo","","","2026-05-21 04:03:59","2026-05-21 04:03:59"
"320","2026-02-25","expense","Asoc. Civil","3200.00","AC - 900 ley antilavado; 2300 socios sin RFC","approved","transfer","FEB26-R116","","","","","[Fondo de Propiedad]","","","","Centro Mateo","","","2026-05-21 04:03:59","2026-05-21 04:03:59"
"319","2026-02-25","expense","Mantenimiento","10836.20","M - tanque azul Hidro Shop","approved","transfer","FEB26-R114","","","","","[Fondo de Operaciones] F","","","","Centro Mateo","","","2026-05-21 04:03:59","2026-05-21 04:03:59"
"318","2026-02-25","income","Renta Vidal/ Schmidt","6000.00","Ingreso - renta Jen","approved","transfer","FEB26-R111","","","","","[Ingresos]","","","","Centro Mateo","","","2026-05-21 04:03:59","2026-05-21 04:03:59"
"317","2026-02-25","expense","Perro","71.00","P - collar Bodega","approved","transfer","FEB26-R109","","","","","[Fondo de Operaciones]","","","","Centro Mateo","","","2026-05-21 04:03:59","2026-05-21 04:03:59"
"316","2026-02-24","expense","Mantenimiento","650.00","M - manto podadora de mano (cambio de inyector y cabeza) RYL Forestal","approved","transfer","FEB26-R107","","","","","[Fondo de Operaciones]","","","","Centro Mateo","","","2026-05-21 04:03:59","2026-05-21 04:03:59"
"315","2026-02-23","expense","Comisiones Bancarias","2124.00","Contables - ISR impuestos","approved","transfer","FEB26-R105","","","","","[Fondo de Operaciones]","","","","Centro Mateo","","","2026-05-21 04:03:59","2026-05-21 04:03:59"
"314","2026-02-23","expense","Gastos y Honorarios Contables","293.00","Contables - ISR impuestos","approved","transfer","FEB26-R103","","","","","[Fondo de Operaciones]","","","","Centro Mateo","","","2026-05-21 04:03:59","2026-05-21 04:03:59"
"313","2026-02-23","expense","Gastos y Honorarios Contables","312.00","Contables - IVA gastos de impuestos","approved","transfer","FEB26-R101","","","","","[Fondo de Operaciones]","","","","Centro Mateo","","","2026-05-21 04:03:59","2026-05-21 04:03:59"
"312","2026-02-23","expense","Gastos y Honorarios Contables","2930.01","Contable - honorarios por servicios fiscales y contables","approved","transfer","FEB26-R99","","","","","[Fondo de Operaciones]","","","","Centro Mateo","","","2026-05-21 04:03:59","2026-05-21 04:03:59"
"311","2026-02-21","expense","Luz","6332.00","Luz CFE","approved","transfer","FEB26-R97","","","","","[Fondo de Propiedad]","","","","Centro Mateo","","","2026-05-21 04:03:59","2026-05-21 04:03:59"
"310","2026-02-21","income","Renta Vidal/ Schmidt","6000.00","Ingreso - renta Vidal","approved","transfer","FEB26-R95","","","","","[Ingresos]","","","","Centro Mateo","","","2026-05-21 04:03:59","2026-05-21 04:03:59"
"309","2026-02-21","expense","Mantenimiento","122.00","M - pistola para riego Ferretodo Plus","approved","transfer","FEB26-R93","","","","","[Fondo de Operaciones]","","","","Centro Mateo","","","2026-05-21 04:03:59","2026-05-21 04:03:59"
"308","2026-02-21","expense","Perro","780.00","P - perrón","approved","transfer","FEB26-R91","","","","","[Fondo de Operaciones]","","","","Centro Mateo","","","2026-05-21 04:03:59","2026-05-21 04:03:59"
"307","2026-02-20","expense","Mantenimiento","8000.00","M - 5 días trabajo x 2 personas x 800 pesos Hernandez","approved","transfer","FEB26-R89","","","","","[Fondo de Operaciones]","","","","Centro Mateo","","","2026-05-21 04:03:59","2026-05-21 04:03:59"
"306","2026-02-19","expense","Salario Limpieza","200.00","Sal Limp - Angelica limpieza primer piso CEM","approved","transfer","FEB26-R87","","","","","[Fondo de Operaciones]","","","","Centro Mateo","","","2026-05-21 04:03:59","2026-05-21 04:03:59"
"305","2026-02-17","expense","Mantenimiento","613.00","M - agua FESOL","approved","transfer","FEB26-R85","","","","","[Fondo de Operaciones]","","","","Centro Mateo","","","2026-05-21 04:03:59","2026-05-21 04:03:59"
"304","2026-02-17","expense","Mantenimiento","70.00","M - jabón en polvo Bodega","approved","transfer","FEB26-R83","","","","","[Fondo de Operaciones]","","","","Centro Mateo","","","2026-05-21 04:03:59","2026-05-21 04:03:59"
"303","2026-02-16","expense","Mantenimiento","649.99","M - guantes Ferreterías Calzada","approved","transfer","FEB26-R81","","","","","[Fondo de Operaciones] F","","","","Centro Mateo","","","2026-05-21 04:03:59","2026-05-21 04:03:59"
"302","2026-02-16","expense","Agua & Comida","449.00","Comida - café Costco","approved","transfer","FEB26-R79","","","","","[Fondo de Propiedad] F","","","","Centro Mateo","","","2026-05-21 04:03:59","2026-05-21 04:03:59"
"264","2026-02-15","expense","Relaciones Publicas","700.00","RP - Tomas & Isra inscripcion COMIMEX","approved","transfer","FEB26-R7","","","","","[Fondo de Operaciones]","","","","Centro Mateo","","","2026-05-21 04:03:59","2026-05-21 04:03:59"
"301","2026-02-13","expense","Mantenimiento","175.06","M - adaptador y pvc eYSH","approved","transfer","FEB26-R77","","","","","[Fondo de Operaciones] F","","","","Centro Mateo","","","2026-05-21 04:03:59","2026-05-21 04:03:59"
"300","2026-02-13","expense","Mantenimiento","6400.00","M - 4 días trabajo x 2 personas Hernandez","approved","transfer","FEB26-R75","","","","","[Fondo de Operaciones]","","","","Centro Mateo","","","2026-05-21 04:03:59","2026-05-21 04:03:59"
"299","2026-02-12","expense","Mantenimiento","872.50","M - rodilleras, codos, etc Manos a la Obra","approved","transfer","FEB26-R73","","","","","[Fondo de Operaciones] F","","","","Centro Mateo","","","2026-05-21 04:03:59","2026-05-21 04:03:59"
"298","2026-02-12","expense","Mantenimiento","377.11","M - sonido","approved","transfer","FEB26-R71","","","","","[Fondo de Operaciones]","","","","Centro Mateo","","","2026-05-21 04:03:59","2026-05-21 04:03:59"
"297","2026-02-12","expense","Mantenimiento","125.00","M - guantes x5 Bodega","approved","transfer","FEB26-R69","","","","","[Fondo de Operaciones]","","","","Centro Mateo","","","2026-05-21 04:03:59","2026-05-21 04:03:59"
"296","2026-02-12","income","Alojamiento Nacionales","2000.00","Ingreso - deposito Gaby Casa de Dios","approved","transfer","FEB26-R67","","","","","[Ingresos]","","","","Centro Mateo","","","2026-05-21 04:03:59","2026-05-21 04:03:59"
"295","2026-02-12","expense","Salario Limpieza","200.00","Sal Limp - Angelica primer piso CEM","approved","transfer","FEB26-R65","","","","","[Fondo de Operaciones]","","","","Centro Mateo","","","2026-05-21 04:03:59","2026-05-21 04:03:59"
"294","2026-02-11","expense","Mantenimiento","1577.66","M - arreglo agua eYSH","approved","transfer","FEB26-R63","","","","","[Fondo de Operaciones] F","","","","Centro Mateo","","","2026-05-21 04:03:59","2026-05-21 04:03:59"
"293","2026-02-11","expense","Mantenimiento","1532.65","M - arreglo agua eYSH","approved","transfer","FEB26-R61","","","","","[Fondo de Operaciones] F","","","","Centro Mateo","","","2026-05-21 04:03:59","2026-05-21 04:03:59"
"292","2026-02-11","expense","Mantenimiento","1733.70","M - arreglo agua eYSH","approved","transfer","FEB26-R59","","","","","[Fondo de Operaciones] F","","","","Centro Mateo","","","2026-05-21 04:03:59","2026-05-21 04:03:59"
"291","2026-02-11","expense","Mantenimiento","160.00","M - cople, codo, reduccion bushing Manos a la Obra","approved","transfer","FEB26-R57","","","","","[Fondo de Operaciones]","","","","Centro Mateo","","","2026-05-21 04:03:59","2026-05-21 04:03:59"
"290","2026-02-11","expense","Mantenimiento","300.00","M - arreglo agua Konkreto","approved","transfer","FEB26-R55","","","","","[Fondo de Operaciones]","","","","Centro Mateo","","","2026-05-21 04:03:59","2026-05-21 04:03:59"
"289","2026-02-11","expense","Mantenimiento","405.00","M - arreglo agua Konkreto","approved","transfer","FEB26-R53","","","","","[Fondo de Operaciones]","","","","Centro Mateo","","","2026-05-21 04:03:59","2026-05-21 04:03:59"
"288","2026-02-10","expense","Mantenimiento","238.00","M - arreglo de tuberia Manos a la Obra","approved","transfer","FEB26-R51","","","","","[Fondo de Operaciones] F","","","","Centro Mateo","","","2026-05-21 04:03:59","2026-05-21 04:03:59"
"287","2026-02-10","income","Alojamiento Nacionales","2000.00","Ingreso - renta 22-24 mayo","approved","transfer","FEB26-R49","","","","","[Ingresos]","","","","Centro Mateo","","","2026-05-21 04:03:59","2026-05-21 04:03:59"
"286","2026-02-08","expense","Relaciones Publicas","1565.00","RP - Tomas viaticos Tijuana COMIMEX","approved","transfer","FEB26-R47","","","","","[Fondo de Operaciones]","","","","Centro Mateo","","","2026-05-21 04:03:59","2026-05-21 04:03:59"
"285","2026-02-06","expense","Mantenimiento","175.00","M - papel higienico suites Bodega","approved","transfer","FEB26-R45","","","","","[Fondo de Operaciones]","","","","Centro Mateo","","","2026-05-21 04:03:59","2026-05-21 04:03:59"
"284","2026-02-06","expense","Mantenimiento","60.00","M - matahormigas x2 Ferretodo Plus","approved","transfer","FEB26-R43","","","","","[Fondo de Operaciones]","","","","Centro Mateo","","","2026-05-21 04:03:59","2026-05-21 04:03:59"
"283","2026-02-06","expense","Mantenimiento","980.00","M - focos Global Iluminacion","approved","transfer","FEB26-R41","","","","","[Fondo de Operaciones]","","","","Centro Mateo","","","2026-05-21 04:03:59","2026-05-21 04:03:59"
"282","2026-02-05","income","Alojamiento Nacionales","2000.00","Ingreso - deposito evento Neftali","approved","transfer","FEB26-R39","","","","","[Ingresos]","","","","Centro Mateo","","","2026-05-21 04:03:59","2026-05-21 04:03:59"
"281","2026-02-05","income","Alojamiento Nacionales","2000.00","Ingreso - deposito retiro de familias Campo Real","approved","transfer","FEB26-R37","","","","","[Ingresos]","","","","Centro Mateo","","","2026-05-21 04:03:59","2026-05-21 04:03:59"
"280","2026-02-05","capital","Gastos de Capital","26313.09","CA - paneles solares Rafael Ocampo Vargas","approved","transfer","FEB26-R35","","","","","[Gastos Capital] F","","","","Centro Mateo","","","2026-05-21 04:03:59","2026-05-21 04:03:59"
"279","2026-02-05","expense","Mantenimiento","625.00","M - luces Link Bits","approved","transfer","FEB26-R33","","","","","[Fondo de Operaciones] F","","","","Centro Mateo","","","2026-05-21 04:03:59","2026-05-21 04:03:59"
"278","2026-02-05","expense","Salario Limpieza","200.00","Sal Limp - Angelica primer piso CEM","approved","transfer","FEB26-R31","","","","","[Fondo de Operaciones]","","","","Centro Mateo","","","2026-05-21 04:03:59","2026-05-21 04:03:59"
"277","2026-02-05","expense","Mantenimiento","3720.00","M - resto de reparaciones electricas Israel Chavira","approved","transfer","FEB26-R29","","","","","[Fondo de Operaciones]","","","","Centro Mateo","","","2026-05-21 04:03:59","2026-05-21 04:03:59"
"276","2026-02-05","expense","Propano","3505.06","Vela Gas","approved","transfer","FEB26-R27","","","","","[Fondo de Propiedad] F","","","","Centro Mateo","","","2026-05-21 04:03:59","2026-05-21 04:03:59"
"275","2026-02-04","expense","Agua & Comida","500.00","Agua - 18 garrafones (27 c/u) + propina 14","approved","transfer","FEB26-R25","","","","","[Fondo de Propiedad]","","","","Centro Mateo","","","2026-05-21 04:03:59","2026-05-21 04:03:59"
"274","2026-02-04","expense","Mantenimiento","1190.00","M - sonido Electrónica San Jose","approved","transfer","FEB26-R23","","","","","[Fondo de Operaciones] F","","","","Centro Mateo","","","2026-05-21 04:03:59","2026-05-21 04:03:59"
"273","2026-02-02","expense","Internet","1305.00","Internet Starlink","approved","transfer","FEB26-R21","","","","","[Fondo de Operaciones] F","","","","Centro Mateo","","","2026-05-21 04:03:59","2026-05-21 04:03:59"
"272","2026-02-02","expense","Mantenimiento","147.00","M - utensilios cocina IKEA","approved","transfer","FEB26-R19","","","","","[Fondo de Operaciones] F","","","","Centro Mateo","","","2026-05-21 04:03:59","2026-05-21 04:03:59"
"271","2026-02-02","expense","Basura","200.00","Basura - gasolina para camioneta prestada","approved","transfer","FEB26-R17","","","","","[Fondo de Propiedad]","","","","Centro Mateo","","","2026-05-21 04:03:59","2026-05-21 04:03:59"
"270","2026-02-02","expense","Basura","100.00","Basura","approved","transfer","FEB26-R15","","","","","[Fondo de Propiedad]","","","","Centro Mateo","","","2026-05-21 04:03:59","2026-05-21 04:03:59"
"269","2026-02-01","expense","Agua & Comida","630.00","Ingreso - renta ICPM (aloj retiro 14,650 + culto unido 5000 + extra asamblea 750 (10x75) + ropa de cama 450 (9x50) + 2 cargas de leña 400 + 18 garrafones de agua 630)","approved","transfer","FEB26-R13","","","","","[Fondo de Propiedad]","","","","Centro Mateo","","","2026-05-21 04:03:59","2026-05-21 04:03:59"
"268","2026-02-01","expense","Mantenimiento","400.00","Ingreso - renta ICPM (aloj retiro 14,650 + culto unido 5000 + extra asamblea 750 (10x75) + ropa de cama 450 (9x50) + 2 cargas de leña 400 + 18 garrafones de agua 630)","approved","transfer","FEB26-R13","","","","","[Fondo de Operaciones]","","","","Centro Mateo","","","2026-05-21 04:03:59","2026-05-21 04:03:59"
"267","2026-02-01","income","Alojamiento Nacionales","20850.00","Ingreso - renta ICPM (aloj retiro 14,650 + culto unido 5000 + extra asamblea 750 (10x75) + ropa de cama 450 (9x50) + 2 cargas de leña 400 + 18 garrafones de agua 630)","approved","transfer","FEB26-R13","","","","","[Ingresos]","","","","Centro Mateo","","","2026-05-21 04:03:59","2026-05-21 04:03:59"
"266","2026-02-01","expense","Relaciones Publicas","299.00","RP - pastel cumple CEM Soriana","approved","transfer","FEB26-R11","","","","","[Fondo de Operaciones]","","","","Centro Mateo","","","2026-05-21 04:03:59","2026-05-21 04:03:59"
"265","2026-02-01","expense","Relaciones Publicas","3800.00","RP - hotel COMIMEX","approved","transfer","FEB26-R9","","","","","[Fondo de Operaciones]","","","","Centro Mateo","","","2026-05-21 04:03:59","2026-05-21 04:03:59"
"263","2026-01-31","income","Interes Banco/Reemplazo & Otros Ingresos","5537.93","Bank Interest Income","approved","transfer","ENE26-R88","","","","","[Ingresos]","","","","Centro Mateo","","","2026-05-21 04:03:59","2026-05-21 04:03:59"
"262","2026-01-31","expense","Comisiones Bancarias","520.00","Bank Expenses - monthly fee","approved","transfer","ENE26-R86","","","","","[Fondo de Operaciones]","","","","Centro Mateo","","","2026-05-21 04:03:59","2026-05-21 04:03:59"
"261","2026-01-31","expense","Comisiones Bancarias","83.20","Bank Expenses - IVA","approved","transfer","ENE26-R84","","","","","[Fondo de Operaciones]","","","","Centro Mateo","","","2026-05-21 04:03:59","2026-05-21 04:03:59"
"259","2026-01-31","income","Renta Vidal/ Schmidt","6000.00","Ingreso - renta Jen","approved","transfer","ENE26-R73","","","","","[Ingresos]","","","","Centro Mateo","","","2026-05-21 04:03:59","2026-05-21 04:03:59"
"258","2026-01-31","income","Alojamiento Nacionales","2000.00","Ingreso - deposito renta Abril 24-26","approved","transfer","ENE26-R71","","","","","[Ingresos]","","","","Centro Mateo","","","2026-05-21 04:03:59","2026-05-21 04:03:59"
"257","2026-01-31","expense","Salario Voluntariado NUEVO Enero 2022","10500.00","Sal Vol - Giraldo","approved","transfer","ENE26-R69","","","","","[Fondo de Operaciones]","","","","Centro Mateo","","","2026-05-21 04:03:59","2026-05-21 04:03:59"
"260","2026-01-30","capital","Gastos de Capital","95000.00","Ingreso - venta de la camioneta ($100,000 - $5000 comisión)","approved","transfer","ENE26-R76","","","","","[Gastos Capital]","","","","Centro Mateo","","","2026-05-21 04:03:59","2026-05-21 04:03:59"
"256","2026-01-30","capital","Gastos de Capital","61397.41","CA - anticipo sistema solar","approved","transfer","ENE26-R67","","","","","[Gastos Capital]","","","","Centro Mateo","","","2026-05-21 04:03:59","2026-05-21 04:03:59"
"255","2026-01-29","expense","Salario Limpieza","200.00","Sal Limp - Angelica limpieza primer piso CEM","approved","transfer","ENE26-R65","","","","","[Fondo de Operaciones]","","","","Centro Mateo","","","2026-05-21 04:03:59","2026-05-21 04:03:59"
"254","2026-01-29","expense","Mantenimiento","3000.00","M - esterilizar gatos Clinica Veterinaria La Venta","approved","transfer","ENE26-R63","","","","","[Fondo de Operaciones]","","","","Centro Mateo","","","2026-05-21 04:03:59","2026-05-21 04:03:59"
"252","2026-01-29","expense","Agua & Comida","200.00","Agua - 7 garrafones x $27c/u + propina $11","approved","transfer","ENE26-R59","","","","","[Fondo de Propiedad]","","","","Centro Mateo","","","2026-05-21 04:03:59","2026-05-21 04:03:59"
"253","2026-01-28","expense","Mantenimiento","1430.10","M - 2 escaleras Costco","approved","transfer","ENE26-R61","","","","","[Fondo de Operaciones]","","","","Centro Mateo","","","2026-05-21 04:03:59","2026-05-21 04:03:59"
"251","2026-01-27","expense","Mantenimiento","745.00","M - metro de cable, contacto, clavija FESOL","approved","transfer","ENE26-R57","","","","","[Fondo de Operaciones]","","","","Centro Mateo","","","2026-05-21 04:03:59","2026-05-21 04:03:59"
"250","2026-01-27","expense","Mantenimiento","215.99","M - Steren - sinchos para cables, y cables","approved","transfer","ENE26-R55","","","","","[Fondo de Operaciones] F","","","","Centro Mateo","","","2026-05-21 04:03:59","2026-05-21 04:03:59"
"249","2026-01-24","income","Alojamiento Int'l","3600.00","Ingreso - donacion de Sarah para CEM","approved","transfer","ENE26-R53","","","","","[Ingresos]","","","","Centro Mateo","","","2026-05-21 04:03:59","2026-05-21 04:03:59"
"248","2026-01-22","expense","Salario Limpieza","200.00","Limpieza - Angelica","approved","transfer","ENE26-R51","","","","","[Fondo de Operaciones]","","","","Centro Mateo","","","2026-05-21 04:03:59","2026-05-21 04:03:59"
"246","2026-01-22","income","Renta Vidal/ Schmidt","4000.00","Ingreso - renta Vidal","approved","transfer","ENE26-R47","","","","","[Ingresos]","","","","Centro Mateo","","","2026-05-21 04:03:59","2026-05-21 04:03:59"
"247","2026-01-21","expense","Mantenimiento","5015.00","M - deposito para trabajo de Israel Chavira arreglo luz","approved","transfer","ENE26-R49","","","","","[Fondo de Operaciones]","","","","Centro Mateo","","","2026-05-21 04:03:59","2026-05-21 04:03:59"
"245","2026-01-20","expense","Relaciones Publicas","450.00","RP - comida para dia de vueltas CEM - Tacos el Sam","approved","transfer","ENE26-R45","","","","","[Fondo de Operaciones]","","","","Centro Mateo","","","2026-05-21 04:03:59","2026-05-21 04:03:59"
"244","2026-01-20","expense","Mantenimiento","45.00","M - estacionamiento para las vueltas Luna Park Estacionamiento","approved","transfer","ENE26-R43","","","","","[Fondo de Operaciones]","","","","Centro Mateo","","","2026-05-21 04:03:59","2026-05-21 04:03:59"
"243","2026-01-20","expense","Mantenimiento","4320.00","M - cables y materiales sonido San Jose Electronicos","approved","transfer","ENE26-R41","","","","","[Fondo de Operaciones]","","","","Centro Mateo","","","2026-05-21 04:03:59","2026-05-21 04:03:59"
"242","2026-01-19","expense","Gastos y Honorarios Contables","2790.00","Contable - honorarios por servicios fiscales y contables","approved","transfer","ENE26-R39","","","","","[Fondo de Operaciones]","","","","Centro Mateo","","","2026-05-21 04:03:59","2026-05-21 04:03:59"
"241","2026-01-19","expense","Gastos y Honorarios Contables","315.00","Contables - IVA gastos de impuestos","approved","transfer","ENE26-R37","","","","","[Fondo de Operaciones]","","","","Centro Mateo","","","2026-05-21 04:03:59","2026-05-21 04:03:59"
"240","2026-01-19","expense","Gastos y Honorarios Contables","293.00","Contables - ISR impuestos","approved","transfer","ENE26-R35","","","","","[Fondo de Operaciones]","","","","Centro Mateo","","","2026-05-21 04:03:59","2026-05-21 04:03:59"
"239","2026-01-19","expense","Impuestos Propiedad","4827.90","Impuestos propiedad","approved","transfer","ENE26-R33","","","","","[Fondo de Propiedad]","","","","Centro Mateo","","","2026-05-21 04:03:59","2026-05-21 04:03:59"
"238","2026-01-15","expense","Salario Limpieza","200.00","Sal Limp - limpieza Angelica primer piso CEM","approved","transfer","ENE26-R31","","","","","[Fondo de Operaciones]","","","","Centro Mateo","","","2026-05-21 04:03:59","2026-05-21 04:03:59"
"237","2026-01-14","expense","Gastos Equipo","1747.00","Gastos Equipo - comida","approved","transfer","ENE26-R29","","","","","[Fondo de Operaciones]","","","","Centro Mateo","","","2026-05-21 04:03:59","2026-05-21 04:03:59"
"236","2026-01-14","expense","Mantenimiento","510.47","M - valvula eYSH","approved","transfer","ENE26-R27","","","","","[Fondo de Operaciones] F","","","","Centro Mateo","","","2026-05-21 04:03:59","2026-05-21 04:03:59"
"235","2026-01-14","expense","Mantenimiento","1881.00","M - valvula eYSH","approved","transfer","ENE26-R25","","","","","[Fondo de Operaciones] F","","","","Centro Mateo","","","2026-05-21 04:03:59","2026-05-21 04:03:59"
"234","2026-01-13","expense","Gastos Equipo","919.00","Gastos Equipo - comida Tokai","approved","transfer","ENE26-R23","","","","","[Fondo de Operaciones]","","","","Centro Mateo","","","2026-05-21 04:03:59","2026-05-21 04:03:59"
"233","2026-01-13","expense","Seguro Vehiculo","1764.76","Seguro van MAPFRE","approved","transfer","ENE26-R21","","","","","[Vehiculo] F","","","","Centro Mateo","","","2026-05-21 04:03:59","2026-05-21 04:03:59"
"231","2026-01-10","expense","Basura","100.00","Basura","approved","transfer","ENE26-R17","","","","","[Fondo de Propiedad]","","","","Centro Mateo","","","2026-05-21 04:03:59","2026-05-21 04:03:59"
"230","2026-01-10","expense","Mantenimiento","600.00","M - limpieza bomba de agua Juan Ramón","approved","transfer","ENE26-R15","","","","","[Fondo de Operaciones]","","","","Centro Mateo","","","2026-05-21 04:03:59","2026-05-21 04:03:59"
"229","2026-01-09","expense","Productos Limpieza","1077.00","Pro Limp - productos limpieza Costco","approved","transfer","ENE26-R13","","","","","[Fondo de Operaciones] F","","","","Centro Mateo","","","2026-05-21 04:03:59","2026-05-21 04:03:59"
"228","2026-01-08","expense","Salario Limpieza","200.00","Sal Limp - Angelica limpieza primer piso CEM","approved","transfer","ENE26-R11","","","","","[Fondo de Operaciones]","","","","Centro Mateo","","","2026-05-21 04:03:59","2026-05-21 04:03:59"
"227","2026-01-07","income","Alojamiento Nacionales","2000.00","Ingreso - deposito de renta para junio - Iglesia Amishadai","approved","transfer","ENE26-R9","","","","","[Ingresos]","","","","Centro Mateo","","","2026-05-21 04:03:59","2026-05-21 04:03:59"
"226","2026-01-06","expense","Mantenimiento","201.00","M - Raid x 3 Bodega","approved","transfer","ENE26-R7","","","","","[Fondo de Operaciones]","","","","Centro Mateo","","","2026-05-21 04:03:59","2026-05-21 04:03:59"
"232","2026-01-04","expense","Relaciones Publicas","6192.00","RP - 2 vuelos para Comiban Volaris","approved","transfer","ENE26-R19","","","","","[Fondo de Operaciones]","","","","Centro Mateo","","","2026-05-21 04:03:59","2026-05-21 04:03:59"
"225","2026-01-02","expense","Internet","1305.00","Internet Starlink","approved","transfer","ENE26-R5","","","","","[Fondo de Operaciones]","","","","Centro Mateo","","","2026-05-21 04:03:59","2026-05-21 04:03:59"
"TOTAL","","","","1,856,347.74","","","","","","","","","","","","","","","","",""
