id,transaction_date,Type,category_id,amount,description,status,notes,payment_method,reference_number,created_by,approved_by,is_capex
491,03/07/2026,expense,Basura,200,Basura100 y gasolina 100 para la camioneta,approved,,cash,,Melody Vidal,Melody Vidal,
490,02/07/2026,expense,Mantenimiento,1000,reparación tubería Ismael Hernandez y sobrino,approved,,cash,,Melody Vidal,Melody Vidal,
489,02/07/2026,expense,Mantenimiento,424,"rollo soldadura, cople, codos, llave, etc",approved,,cash,,Melody Vidal,Melody Vidal,
488,01/07/2026,expense,Mantenimiento,78.01,coflex acoples Ferreteria Calzada (comprado por Ismael Hernandez para el arreglo de la tubería de la cocina),approved,,cash,,Melody Vidal,Melody Vidal,
482,29/06/2026,expense,Mantenimiento,165,Pro Limp - lavatrastes Axion x2 Soriana,approved,,cash,,Melody Vidal,Melody Vidal,
481,29/06/2026,expense,Mantenimiento,102,M - encendedores Ferretodo del Centro,approved,,cash,,Melody Vidal,Melody Vidal,
480,29/06/2026,expense,Agua y Comida,400,Agua x14 + propina $22,approved,,cash,,Melody Vidal,Melody Vidal,
479,28/06/2026,expense,Alojamiento Nacionales,20480,"Ingreso - renta Iglesia Fuente de Agua Viva (hospedaje 2 noches x 49 pers x $220, 1 dia x 4 pers x $110, leña $200, agua $280, -$2000 deposito)",pending,,cash,,Melody Vidal,,
478,26/06/2026,expense,Interes Banco/Reemplazo & Otros Ingresos,120,Ingreso - venta playera,pending,,cash,,Melody Vidal,,
477,26/06/2026,expense,Propano,3000,Vela Gas rellenar tanque,approved,,cash,,Melody Vidal,Melody Vidal,
483,25/06/2026,expense,Alojamiento Nacionales,2000,Deposito para renta el 18-20 diciembre 2026 Johan Alejandro Rosas Gueta,pending,,transfer,,Melody Vidal,,
476,25/06/2026,expense,Agua y Comida,340,Agua - 12 garrafones + propina 16,approved,,cash,,Melody Vidal,Melody Vidal,
475,25/06/2026,expense,Salario Voluntariado,10500,Sal Vol - Giraldo Mosquera,pending,,cash,,Melody Vidal,,
474,23/06/2026,expense,Alojamiento Nacionales,900,Ingreso - hospedaje Eli y Steward junio,pending,,cash,,Melody Vidal,,
473,23/06/2026,expense,Relaciones Publicas,780,"RP - comida con el equipo y Eli & Steward, despedida de HADIME Misioneros",approved,,cash,,Melody Vidal,Melody Vidal,
487,22/06/2026,expense,Gastos y Honorarios Contables,5860.02,Honorarios por servicios contables y fiscales abril y mayo 2026 para la contadora Laura Ivette Morales Amaya,approved,,transfer,,Melody Vidal,Melody Vidal,
486,22/06/2026,expense,Gastos y Honorarios Contables,335,Impuesto IVA,approved,,transfer,,Melody Vidal,Melody Vidal,
472,22/06/2026,expense,Agua y Comida,310,Agua - 11 garrafones x $27 ($297) + propina $13,approved,,cash,,Melody Vidal,Melody Vidal,
484,19/06/2026,expense,Alojamiento Nacionales,49580,"Ingreso - renta Iglesia Vida (hospedaje $46,800 por 6 noches, $3,960 por 1 día, leña $400, agua $420, - deposito $2000)",pending,,transfer,,Melody Vidal,,
471,17/06/2026,expense,Basura,100,Dejar basura en el basurero,approved,,cash,,Melody Vidal,Melody Vidal,
470,16/06/2026,expense,Mantenimiento,1600,mantenimiento estufa Whirlpool,approved,,cash,,Melody Vidal,Melody Vidal,
469,16/06/2026,expense,Agua y Comida,310,Agua - 11 garrafones x $27 ($297) + propina $13,approved,,cash,,Melody Vidal,Melody Vidal,
468,15/06/2026,expense,Luz,77,Luz CFE mayo/junio,approved,,cash,,Melody Vidal,Melody Vidal,
467,15/06/2026,expense,Asociacion Civil,900,ley antilavado,approved,,cash,,Melody Vidal,Melody Vidal,
466,15/06/2026,expense,Mantenimiento,529,comida para gatos,approved,,cash,,Melody Vidal,Melody Vidal,
465,12/06/2026,expense,Agua y Comida,280,Agua - 10 garrafones $270 + propina $10,approved,,cash,,Melody Vidal,Melody Vidal,
464,11/06/2026,expense,Basura,300,"Basura 100, gasolina 200",approved,,cash,,Melody Vidal,Melody Vidal,
463,07/06/2026,expense,Alojamiento Nacionales,17365,"renta Iglesia Bautista de Tlajomulco (hospedaje viernes 14x$220= $3,080, sabado 62x$250= $15,500, fogata x2= $400, agua 11x$35= $385)",pending,,cash,,Melody Vidal,,
485,05/06/2026,expense,Gastos y Honorarios Contables,315,Impuesto ISR,approved,,transfer,,Melody Vidal,Melody Vidal,
462,05/06/2026,expense,Agua y Comida,360,13 garrafones $351 + $9 propina,approved,,cash,,Melody Vidal,Melody Vidal,
461,05/06/2026,expense,Becas y Ayudas,12000,CAPITAL - Beca HADIME Misioneros Steward y Eli,pending,,cash,,Melody Vidal,,
460,04/06/2026,expense,Basura,300,Basura - 100 + 200 gasolina para la camioneta,approved,,cash,,Melody Vidal,Melody Vidal,
459,03/06/2026,expense,Mantenimiento,40,estacionamiento en el Centro para las compras de la cocina,approved,,cash,,Melody Vidal,Melody Vidal,
458,03/06/2026,expense,Mantenimiento,1590.04,"platos, mugs, cucharas, etc cocina Cristaleria La Unica",approved,,cash,,Melody Vidal,Melody Vidal,
457,03/06/2026,expense,Mantenimiento,179,luz para fuera del comedor Link Bits,approved,,cash,,Melody Vidal,Melody Vidal,
456,02/06/2026,expense,Mantenimiento,679,"catalizador, barniz y solv Comex",approved,,cash,,Melody Vidal,Melody Vidal,
455,02/06/2026,expense,Renta Vidal/ Schmidt,5000,Renta Vidal mes de junio,pending,,cash,,Melody Vidal,,
454,02/06/2026,expense,Mantenimiento,70,Febreeze para los dorms para que los cuartos huelen rico,approved,,cash,,Melody Vidal,Melody Vidal,
453,01/06/2026,expense,Alojamiento Nacionales,7725,Renta RETO hospedaje tarifa extendida: 34 adultos x $210 = $7140; 9 niños x $160 = $1440; 7 el domingo día x $95 = $665; fogata $200; 8 agua $280; - deposito $2000,pending,,transfer,,Melody Vidal,,
450,31/05/2026,expense,Alojamiento Nacionales,800,hospedaje CEM Eli y Steward mayo,pending,,cash,,Melody Vidal,,
449,31/05/2026,expense,Salario Voluntariado,10500,Salario voluntariado Giraldo Mosquera,pending,,cash,,Melody Vidal,,
448,29/05/2026,expense,Agua y Comida,210,7 garrafones (189) + propina (21),approved,,cash,,Melody Vidal,Melody Vidal,
452,27/05/2026,expense,Seguro Van,3190.04,Seguro van MAPFRE,approved,,transfer,,Melody Vidal,Melody Vidal,
447,26/05/2026,expense,Asociacion Civil,915,ley antilavado,approved,,cash,,Melody Vidal,Melody Vidal,
446,25/05/2026,expense,Mantenimiento,888,"llaves, protectores, valvulas, mop total clean Home Depot",approved,,cash,,Melody Vidal,Melody Vidal,
445,24/05/2026,expense,Mantenimiento,1067,Limpiadora de piso de madera Home Depot,approved,,cash,,Melody Vidal,Melody Vidal,
444,22/05/2026,expense,Mantenimiento,330,Pijas Ferretería San Miguel,approved,,cash,,Melody Vidal,Melody Vidal,
443,22/05/2026,expense,Renta Vidal/ Schmidt,6000,Renta Jen mayo,pending,,cash,,Melody Vidal,,
442,22/05/2026,expense,Otros Ingresos,8299,"Devolución de la hidrolavadora de Costco.  Costco reembolsó la tarjeta de Jen, y Jen dio el efectivo a la caja chica.",pending,,cash,,Melody Vidal,,
441,21/05/2026,expense,Salario Limpieza,200,Limpieza Angelica primer piso CEM,approved,,cash,,Melody Vidal,Melody Vidal,
224,19/05/2026,expense,Mantenimiento,130,2 insecticidas Raid,approved,,cash,,Melody Vidal,Melody Vidal,
223,19/05/2026,expense,Cuidado Perro,280,perrón (descontando la bolsa de LuKat que devolvemos),approved,,cash,,Melody Vidal,Melody Vidal,
222,19/05/2026,expense,Agua y Comida,400,14 garrafones + propina $22,approved,,cash,,Melody Vidal,Melody Vidal,
440,16/05/2026,expense,Relaciones Publicas,9022,Vuelo a ICOMB Tomas,approved,,cash,,Melody Vidal,Melody Vidal,
219,16/05/2026,expense,Cuidado Perro,485.1,medicamentos para pulgas Petco,approved,,cash,,Melody Vidal,Melody Vidal,
218,14/05/2026,expense,Salario Limpieza,200,Angelica limpieza primer piso CEM,approved,,cash,,Melody Vidal,Melody Vidal,
221,13/05/2026,expense,Mantenimiento,843.51,10 litros de glicerina,approved,,cash,,Melody Vidal,Melody Vidal,
217,12/05/2026,expense,Jardinería,235,tierra y humus de lombris para plantas nuevas,approved,,cash,,Melody Vidal,Melody Vidal,
451,11/05/2026,expense,Vehículos,559,"Cargador para la camioneta, pedido en linea",approved,,cash,,Melody Vidal,Melody Vidal,
220,10/05/2026,expense,Vehículos,100,Gasolina para auto,approved,,cash,,Melody Vidal,Melody Vidal,
439,09/05/2026,expense,Alojamiento Nacionales,9975,"Renta Emiliana Torres  (11,660 hospedaje + 315 agua - 2000 deposito)",pending,,cash,,Melody Vidal,,
438,09/05/2026,expense,Renta Vidal/ Schmidt,10000,Renta Vidal mes de abril y mes de mayo,pending,,cash,,Melody Vidal,,
437,08/05/2026,expense,Mantenimiento,67,Grapa 3/8 y grapa 5/16,approved,,cash,,Melody Vidal,Melody Vidal,
216,08/05/2026,expense,Relaciones Publicas,192,café haciendo vueltas para CEM Flor de Cordoba,approved,,cash,,Melody Vidal,Melody Vidal,
215,08/05/2026,expense,Vehículos,6700,mantenimiento Ford Transit,approved,,cash,,Melody Vidal,Melody Vidal,
214,08/05/2026,expense,Mantenimiento,200,gasolina para La Bendi usado para vueltas de mantenimiento CEM,approved,,cash,,Melody Vidal,Melody Vidal,
213,08/05/2026,expense,Mantenimiento,450,desparacitación para las 3 gatas Veterinaria La Venta,approved,,cash,,Melody Vidal,Melody Vidal,
212,08/05/2026,expense,Jardinería,700,plantas Vivero el Aguate (5 cenizo verde y 1 croto petra),approved,,cash,,Melody Vidal,Melody Vidal,
211,08/05/2026,expense,Agua y Comida,230,8 garrafones de agua + propina,approved,,cash,,Melody Vidal,Melody Vidal,
210,07/05/2026,expense,Salario Limpieza,200,Angelica limpieza primer piso CEM,approved,,cash,,Melody Vidal,Melody Vidal,
208,07/05/2026,expense,Basura,300,100 pesos para basura y 200 para gasolina para la camioneta de Isra,approved,,cash,,Melody Vidal,Melody Vidal,
436,06/05/2026,expense,Alojamiento Nacionales,1300,Steward y Eli pagaron hospedaje del mes de abril,pending,,cash,,Melody Vidal,,
207,06/05/2026,expense,Becas y Ayudas,12000,Beca HADIME Misioneros Steward y Eli,pending,,cash,,Melody Vidal,,
206,06/05/2026,expense,Gasolina Van,1850.13,Gasolina para la camioneta Transit,approved,,transfer,,Melody Vidal,Melody Vidal,
205,05/05/2026,expense,Mantenimiento,369,Bolsas de basura,approved,,cash,,Melody Vidal,Melody Vidal,
204,02/05/2026,expense,Internet,1305,Internet Starlink,approved,,transfer,,Melody Vidal,Melody Vidal,
203,01/05/2026,expense,Alojamiento Nacionales,3000,"Renta Iglesia Vida AR (retiro x 1 día, 22 personas)",pending,,cash,,Melody Vidal,,
435,30/04/2026,expense,Alberca,1780,M - 5 sacos de sal (los ultimos se hecharon a perder),approved,[Fondo de Operaciones],transfer,ABR26-R101,Centro Mateo,,
434,30/04/2026,expense,Mantenimiento,131,M - veneno para el jardin,approved,[Fondo de Operaciones],transfer,ABR26-R99,Centro Mateo,,
433,30/04/2026,expense,Mantenimiento,479.8,M - gasolina para podadores,approved,[Fondo de Operaciones],transfer,ABR26-R97,Centro Mateo,,
432,30/04/2026,expense,Asociacion Civil,4540,"AC - 900 ley antilavado, 2640 Inversion Extranjera, 1000 declaracion anual Eleazar",approved,[Fondo de Propiedad],transfer,ABR26-R94,Centro Mateo,,
431,30/04/2026,expense,Salario Limpieza,200,Limpieza - Angelica - primer piso,approved,[Fondo de Operaciones],transfer,ABR26-R92,Centro Mateo,,
430,30/04/2026,expense,Alberca,1048.2,Alberca- probador de sal para alberca,approved,[Fondo de Operaciones],transfer,ABR26-R90,Centro Mateo,,
429,30/04/2026,expense,Propano,3000,Gas - propano,approved,[Fondo de Propiedad],transfer,ABR26-R88,Centro Mateo,,
428,29/04/2026,expense,Agua y Comida,420,Agua - 15 garafones de agua,approved,[Fondo de Propiedad],transfer,ABR26-R86,Centro Mateo,,
202,29/04/2026,expense,Seguro Van,3190.03,seguro van MAPFRE,approved,,transfer,,Melody Vidal,Melody Vidal,
201,29/04/2026,expense,Seguro Van,3190.03,seguro van MAPFRE,approved,,transfer,,Melody Vidal,Melody Vidal,
427,28/04/2026,expense,Salario Voluntariado,10500,Salarios - Giraldo de abril,approved,[Fondo de Operaciones],transfer,ABR26-R84,Centro Mateo,,
426,26/04/2026,expense,Alojamiento Int'l,8000,Ingreso - renta 5ta IAFCJ Guadalajara,approved,[Ingresos],transfer,ABR26-R82,Centro Mateo,,
425,26/04/2026,expense,Agua y Comida,385,Ingreso - renta 5ta IAFCJ Guadalajara,approved,[Fondo de Propiedad],transfer,ABR26-R80,Centro Mateo,,
424,26/04/2026,expense,Alojamiento Int'l,4820,Ingreso - renta 5ta IAFCJ Guadalajara,approved,[Ingresos],transfer,ABR26-R80,Centro Mateo,,
423,24/04/2026,expense,Mantenimiento,6400,M - salarios Hernandez 4 dias x 2 personas x 800 pesos,approved,[Fondo de Operaciones],transfer,ABR26-R78,Centro Mateo,,
422,23/04/2026,expense,Salario Limpieza,400,Limpieza Angelica - 2 semanas,approved,[Fondo de Operaciones],transfer,ABR26-R76,Centro Mateo,,
421,22/04/2026,expense,Mantenimiento,803,"M - selantes, cintas",approved,[Fondo de Operaciones],transfer,ABR26-R74,Centro Mateo,,
420,22/04/2026,expense,Mantenimiento,157,M - arreglo conexión hidrolavadora,approved,[Fondo de Operaciones],transfer,ABR26-R72,Centro Mateo,,
419,21/04/2026,expense,Gastos y Honorarios Contables,2930.01,Conta- honorarios por gastos fiscales y contables,approved,[Fondo de Operaciones],transfer,ABR26-R70,Centro Mateo,,
418,21/04/2026,expense,Gastos y Honorarios Contables,328,Cont - Impuestos IVA,approved,[Fondo de Operaciones],transfer,ABR26-R68,Centro Mateo,,
417,21/04/2026,expense,Gastos y Honorarios Contables,316,Cont - Impuestos ISR,approved,[Fondo de Operaciones],transfer,ABR26-R66,Centro Mateo,,
416,21/04/2026,expense,Mantenimiento,5550,M - 3 botes de imperm casther,approved,[Fondo de Operaciones],transfer,ABR26-R64,Centro Mateo,,
415,20/04/2026,expense,Agua y Comida,474,Agua - 17 garafones de agua,approved,[Fondo de Propiedad],transfer,ABR26-R62,Centro Mateo,,
414,17/04/2026,expense,Alojamiento Int'l,4500,Ingreso - Crossway - donacion extra por liderazgo mexicana hospedaje,approved,[Ingresos],transfer,ABR26-R60,Centro Mateo,,
413,17/04/2026,expense,Agua y Comida,856,"Ingreso - Crossway - dinero extra - 856 de agua, 4000 para playeras compradas, 10000 donacion extra al hospedaje",approved,[Fondo de Propiedad],transfer,ABR26-R58,Centro Mateo,,
412,17/04/2026,expense,Relaciones Publicas,4000,"Ingreso - Crossway - dinero extra - 856 de agua, 4000 para playeras compradas, 10000 donacion extra al hospedaje",approved,[Fondo de Operaciones],transfer,ABR26-R58,Centro Mateo,,
411,17/04/2026,expense,Alojamiento Int'l,10000,"Ingreso - Crossway - dinero extra - 856 de agua, 4000 para playeras compradas, 10000 donacion extra al hospedaje",approved,[Ingresos],transfer,ABR26-R58,Centro Mateo,,
410,17/04/2026,expense,Renta Vidal/ Schmidt,6000,Ingreso - Jen renta en Abril,approved,[Ingresos],transfer,ABR26-R55,Centro Mateo,,
409,17/04/2026,expense,Mantenimiento,344,M - arreglo rainbird,approved,[Fondo de Operaciones],transfer,ABR26-R53,Centro Mateo,,
408,17/04/2026,capital,Gastos de Capital,6500,CA - Alex Diaz apoyo mas 1500 pesos por papel brincado,approved,[Gastos Capital],transfer,ABR26-R51,Centro Mateo,,1
407,16/04/2026,expense,Mantenimiento,8000,M - salarios Hernandez 5 dias x 2 personas x 800 pesos,approved,[Fondo de Operaciones],transfer,ABR26-R49,Centro Mateo,,
406,16/04/2026,expense,Seguro Vehiculo,50,Camioneta - estacionamiento para los. Papeles,approved,[Vehiculo],transfer,ABR26-R47,Centro Mateo,,
405,16/04/2026,expense,Gasolina Vehiculo,851.7,Camioneta - gas para la van,approved,[Vehiculo],transfer,ABR26-R45,Centro Mateo,,
404,16/04/2026,expense,Mantenimiento,700,M - juan Ramon arreglo de la bomba,approved,[Fondo de Operaciones],transfer,ABR26-R43,Centro Mateo,,
403,15/04/2026,expense,Mantenimiento,1583,"M - rodillos, paint supplies para impermabilizar",approved,[Fondo de Operaciones],transfer,ABR26-R41,Centro Mateo,,
402,15/04/2026,expense,Mantenimiento,150,M - gasolina para las maquinas,approved,[Fondo de Operaciones],transfer,ABR26-R39,Centro Mateo,,
401,14/04/2026,expense,Luz,77,Luz - CFE,approved,[Fondo de Propiedad],transfer,ABR26-R37,Centro Mateo,,
400,13/04/2026,expense,Alojamiento Nacionales,1000,Ingreso - Steward & Eli en CEM en marzo,approved,[Ingresos],transfer,ABR26-R35,Centro Mateo,,
399,13/04/2026,expense,Interes Banco/Reemplazo & Otros Ingresos,50,Ingreso - de reciclaje,approved,[Ingresos],transfer,ABR26-R33,Centro Mateo,,
398,11/04/2026,expense,Alberca,90,Alberca - botelas para el analisis,approved,[Fondo de Operaciones],transfer,ABR26-R31,Centro Mateo,,
397,10/04/2026,expense,Productos Limpieza,1983.6,Productos de limpieza - SIL,approved,[Fondo de Operaciones],transfer,ABR26-R29,Centro Mateo,,
396,10/04/2026,expense,Mantenimiento,30,M - estacionamiento,approved,[Fondo de Operaciones],transfer,ABR26-R27,Centro Mateo,,
395,10/04/2026,expense,Mantenimiento,1014,M - amperimetro de gancho,approved,[Fondo de Operaciones],transfer,ABR26-R25,Centro Mateo,,
394,10/04/2026,expense,Alberca,1345.6,Alberca - analisis,approved,[Fondo de Operaciones],transfer,ABR26-R23,Centro Mateo,,
393,09/04/2026,expense,Agua y Comida,342.63,Comida - hospedaje de comida - CCM y Multiply,approved,[Fondo de Propiedad],transfer,ABR26-R21,Centro Mateo,,
392,09/04/2026,expense,Mantenimiento,234.74,M - rain bird 4 - assurant - 4 años,approved,[Fondo de Operaciones],transfer,ABR26-R19,Centro Mateo,,
391,09/04/2026,expense,Mantenimiento,2899.99,M - rain bird 4 estaciones,approved,[Fondo de Operaciones],transfer,ABR26-R17,Centro Mateo,,
390,09/04/2026,expense,Salario Limpieza,200,Limpieza - Angelica Primer piso,approved,[Fondo de Operaciones],transfer,ABR26-R15,Centro Mateo,,
389,09/04/2026,expense,Perro,780,Perro - dog food,approved,[Fondo de Operaciones],transfer,ABR26-R13,Centro Mateo,,
388,08/04/2026,expense,Seguro Vehiculo,1817,Van - permiso para transitar sin placas,approved,[Vehiculo],transfer,ABR26-R11,Centro Mateo,,
387,07/04/2026,expense,Alojamiento Nacionales,6590,"Ingreso - 27 adultos, x 200 pesos x 1 noche + 7 niños x 170 x 1 noche - depositado a la cuenta en Marzo de Crossway",approved,[Ingresos],transfer,ABR26-R10,Centro Mateo,,
384,02/04/2026,expense,Agua y Comida,420,Agua - 15 garrafones,approved,[Fondo de Propiedad],transfer,ABR26-R5,Centro Mateo,,
386,01/04/2026,expense,Internet,1305,Internet - Starlink,approved,[Fondo de Operaciones],transfer,ABR26-R8,Centro Mateo,,
385,01/04/2026,expense,Alojamiento Int'l,32200,Ingreso - renta 20 personas x 7 noches x 230 pesos por noche - depositado a la cuenta en Marzo de crossway,approved,[Ingresos],transfer,ABR26-R7,Centro Mateo,,
383,31/03/2026,expense,Interes Banco/Reemplazo & Otros Ingresos,3669.54,Bank Interest Income,approved,[Ingresos],transfer,MAR26-R125,Centro Mateo,,
382,31/03/2026,expense,Comisiones Bancarias,520,Bank Expenses - monthly fee,approved,[Fondo de Operaciones],transfer,MAR26-R123,Centro Mateo,,
381,31/03/2026,expense,Comisiones Bancarias,83.2,Bank Expenses - IVA,approved,[Fondo de Operaciones],transfer,MAR26-R121,Centro Mateo,,
380,31/03/2026,expense,Renta Vidal/ Schmidt,6000,Ingreso - renta de Jen en marzo,approved,[Ingresos],transfer,MAR26-R115,Centro Mateo,,
379,31/03/2026,expense,Salario Voluntariado,10500,"Salario Voluntarios - Giraldo | April 20,2026",approved,[Fondo de Operaciones],transfer,MAR26-R111,Centro Mateo,,
378,31/03/2026,expense,Interes Banco/Reemplazo & Otros Ingresos,940,Ingreso - venta de playeras,approved,[Ingresos],transfer,MAR26-R109,Centro Mateo,,
377,27/03/2026,expense,Asociacion Civil,4700,"AC - ley antilavado (más costoso este mes por la compra de la van) | April 20,2026",approved,[Fondo de Propiedad],transfer,MAR26-R107,Centro Mateo,,
376,27/03/2026,expense,Seguro Vehiculo,4106.44,Seguro van (nuevo) MAPFRE,approved,[Vehiculo],transfer,MAR26-R105,Centro Mateo,,
375,27/03/2026,expense,Renta Vidal/ Schmidt,5000,Ingreso - renta Vidal,approved,[Ingresos],transfer,MAR26-R103,Centro Mateo,,
374,26/03/2026,expense,Salario Limpieza,200,"Sal Limp - limpieza primer piso CEM Angelica | April 20,2026",approved,[Fondo de Operaciones],transfer,MAR26-R101,Centro Mateo,,
373,26/03/2026,expense,Alberca,2785.54,A - quimico Innovation en Albercas y Tecnología para el Agua,approved,[Fondo de Operaciones],transfer,MAR26-R99,Centro Mateo,,
372,26/03/2026,expense,Agua y Comida,425,Agua - 15 garrafones x $27 c/u + propina $20,approved,[Fondo de Propiedad],transfer,MAR26-R97,Centro Mateo,,
371,24/03/2026,expense,Mantenimiento,153,M - juego de conectores y llave de esfera de latón FESOL,approved,[Fondo de Operaciones],transfer,MAR26-R93,Centro Mateo,,
370,24/03/2026,expense,Mantenimiento,500,M - Lukat comida para gatos,approved,[Fondo de Operaciones],transfer,MAR26-R91,Centro Mateo,,
369,24/03/2026,expense,Mantenimiento,500,"M - Lukat comida para gatos | April 20,2026",approved,[Fondo de Operaciones],transfer,MAR26-R89,Centro Mateo,,
368,23/03/2026,expense,Mantenimiento,200,M - gasolina para auto compras productos alberca Tala y La Venta,approved,[Fondo de Operaciones],transfer,MAR26-R87,Centro Mateo,,
367,23/03/2026,expense,Alberca,290,A - kit cl y pH Albercas Kreativas,approved,[Fondo de Operaciones],transfer,MAR26-R85,Centro Mateo,,
366,23/03/2026,expense,Mantenimiento,75,"M - soldadura FESOL | April 20,2026",approved,[Fondo de Operaciones],transfer,MAR26-R83,Centro Mateo,,
365,23/03/2026,expense,Mantenimiento,52.5,M - resanalack Maderería Rivera,approved,[Fondo de Operaciones],transfer,MAR26-R81,Centro Mateo,,
364,20/03/2026,capital,Gastos de Capital,403.22,CA - wire fees from bank account 347.60 + 55.62,approved,[Gastos Capital],transfer,MAR26-R79,Centro Mateo,,1
363,19/03/2026,expense,Salario Limpieza,400,"Sal Limp - Angelica primer piso CEM 2 semanas | April 20,2026",approved,[Fondo de Operaciones],transfer,MAR26-R77,Centro Mateo,,
362,19/03/2026,expense,Interes Banco/Reemplazo & Otros Ingresos,187,Ingreso - venta chatarra y reciclaje,approved,[Ingresos],transfer,MAR26-R75,Centro Mateo,,
361,18/03/2026,expense,Alojamiento Nacionales,6920,Ingreso - renta Iglesia Amor y Gracia,approved,[Ingresos],transfer,MAR26-R73,Centro Mateo,,
360,18/03/2026,expense,Alojamiento Nacionales,8000,Ingreso - renta Iglesia Amor y Gracia,approved,[Ingresos],transfer,MAR26-R71,Centro Mateo,,
359,18/03/2026,expense,Alberca,15723.88,A - celda sin carcaza y servicio y/o instalación AcuaTecnia,approved,[Fondo de Operaciones],transfer,MAR26-R69,Centro Mateo,,
358,18/03/2026,expense,Basura,100,Basura,approved,[Fondo de Propiedad],transfer,MAR26-R67,Centro Mateo,,
357,18/03/2026,expense,Gastos y Honorarios Contables,328,Contables - IVA gastos de impuestos,approved,[Fondo de Operaciones],transfer,MAR26-R65,Centro Mateo,,
356,17/03/2026,expense,Gastos y Honorarios Contables,307,Contables - ISR impuestos,approved,[Fondo de Operaciones],transfer,MAR26-R63,Centro Mateo,,
355,17/03/2026,expense,Mantenimiento,592,"M - llave, conector, guardapolvo, adaptores FESOL | April 20,2026",approved,[Fondo de Operaciones],transfer,MAR26-R61,Centro Mateo,,
354,17/03/2026,expense,Mantenimiento,11,M - empaques de pvc FESOL,approved,[Fondo de Operaciones],transfer,MAR26-R59,Centro Mateo,,
353,17/03/2026,expense,Mantenimiento,150,M - gasolina,approved,[Fondo de Operaciones],transfer,MAR26-R57,Centro Mateo,,
352,17/03/2026,expense,Productos Limpieza,240,Pro Limp - mas color,approved,[Fondo de Operaciones],transfer,MAR26-R55,Centro Mateo,,
351,15/03/2026,expense,Mantenimiento,583,"M - llaves, thinner, resanador, valvula Sodimac | April 20,2026",approved,[Fondo de Operaciones],transfer,MAR26-R53,Centro Mateo,,
350,15/03/2026,expense,Agua y Comida,385,Ingreso - garrafones de agua grupo de renta Iglesia Amor y Gracia,approved,[Fondo de Propiedad],transfer,MAR26-R51,Centro Mateo,,
349,14/03/2026,expense,Mantenimiento,156,"M - acido muriatico Ferretería Franco | April 20,2026",approved,[Fondo de Operaciones],transfer,MAR26-R49,Centro Mateo,,
348,13/03/2026,expense,Alberca,1080,"A - peroxido de hidrogeno | April 20,2026",approved,[Fondo de Operaciones],transfer,MAR26-R47,Centro Mateo,,
347,12/03/2026,expense,Mantenimiento,8299,"M - hidrolavadora Coscto | April 20,2026",approved,[Fondo de Operaciones],transfer,MAR26-R45,Centro Mateo,,
346,10/03/2026,expense,Mantenimiento,107.99,"M - remache y cinta masking Aceros y Materiales Constructivo | April 20,2026",approved,[Fondo de Operaciones],transfer,MAR26-R43,Centro Mateo,,
345,10/03/2026,expense,Mantenimiento,800,"M - 1 día de trabajo x 1 persona Ismael Hernandez | April 20,2026",approved,[Fondo de Operaciones],transfer,MAR26-R41,Centro Mateo,,
344,10/03/2026,expense,Mantenimiento,167,"M - junteador para arreglo de baño publico | April 20,2026",approved,[Fondo de Operaciones],transfer,MAR26-R39,Centro Mateo,,
343,10/03/2026,expense,Agua y Comida,420,"Agua - 15 garafones de agua mas propina | April 20,2026",approved,[Fondo de Propiedad],transfer,MAR26-R37,Centro Mateo,,
342,06/03/2026,capital,Gastos de Capital,15000,Camionet Nueva - papeles y placas a Alex Diaz,approved,[Gastos Capital],transfer,MAR26-R35,Centro Mateo,,1
341,06/03/2026,expense,Mantenimiento,69.46,M - pasadores para baños de mujeres,approved,[Fondo de Operaciones],transfer,MAR26-R33,Centro Mateo,,
340,06/03/2026,expense,Alberca,811.16,"Alberca - Dicloro Klaren | April 20,2026",approved,[Fondo de Operaciones] F,transfer,MAR26-R31,Centro Mateo,,
339,06/03/2026,expense,Alberca,2005,"Alberca- 4 sacos de sal, bajar PH",approved,[Fondo de Operaciones],transfer,MAR26-R29,Centro Mateo,,
338,06/03/2026,expense,Mantenimiento,6400,"Manto - salarios Hernandez - 4 dias | April 20,2026",approved,[Fondo de Operaciones],transfer,MAR26-R27,Centro Mateo,,
337,05/03/2026,expense,Salario Limpieza,200,"Limpieza Angelica - primer piso | April 20,2026",approved,[Fondo de Operaciones],transfer,MAR26-R25,Centro Mateo,,
336,05/03/2026,expense,Mantenimiento,150,"M - tubo de cobre para taponear la fuga de agua en el baño publico | April 20,2026",approved,[Fondo de Operaciones],transfer,MAR26-R23,Centro Mateo,,
335,05/03/2026,expense,Mantenimiento,480,"M - tubo solar - calentador solar de dormitorios que se tronó cuando se hizo mantenimeinto | April 20,2026",approved,[Fondo de Operaciones],transfer,MAR26-R21,Centro Mateo,,
334,05/03/2026,expense,Mantenimiento,115,"M - saco de pega Azulejo | April 20,2026",approved,[Fondo de Operaciones],transfer,MAR26-R19,Centro Mateo,,
333,04/03/2026,capital,Gastos de Capital,865000,Camioneta Nueva (en dos pagos se hizo una factura),approved,[Gastos Capital],transfer,MAR26-R17,Centro Mateo,,1
332,04/03/2026,expense,Mantenimiento,12900,"M . Impermabilizante | April 20,2026",approved,[Fondo de Operaciones],transfer,MAR26-R15,Centro Mateo,,
331,04/03/2026,expense,Mantenimiento,101.99,"M - tapones para arreglo de casa de Tomas | April 20,2026",approved,[Fondo de Operaciones],transfer,MAR26-R13,Centro Mateo,,
330,03/03/2026,expense,Gastos y Honorarios Contables,2930.01,Contable - honorarios por servicios fiscales y contables,approved,[Fondo de Operaciones],transfer,MAR26-R11,Centro Mateo,,
329,03/03/2026,expense,Gasolina Vehiculo,500,Gasolina para la Camioneta Nueva,approved,[Vehiculo],transfer,MAR26-R9,Centro Mateo,,
328,03/03/2026,expense,Internet,1305,Internet - Starlink,approved,[Fondo de Operaciones],transfer,MAR26-R7,Centro Mateo,,
327,02/03/2026,capital,Gastos de Capital,1800,Camioneta NUEVA - Van - permiso para transitar sin placas,approved,[Gastos Capital],transfer,MAR26-R5,Centro Mateo,,1
326,28/02/2026,expense,Interes Banco/Reemplazo & Otros Ingresos,4468.66,Bank Interest Income,approved,[Ingresos],transfer,FEB26-R136,Centro Mateo,,
325,28/02/2026,expense,Comisiones Bancarias,104.08,Bank Expenses - monthly fee,approved,[Fondo de Operaciones],transfer,FEB26-R134,Centro Mateo,,
324,28/02/2026,expense,Comisiones Bancarias,520,Bank Expenses - IVA,approved,[Fondo de Operaciones],transfer,FEB26-R132,Centro Mateo,,
323,27/02/2026,expense,Salario Voluntariado,10500,"Salario - sandy y Didier, febrero",approved,[Fondo de Operaciones],transfer,FEB26-R124,Centro Mateo,,
322,26/02/2026,expense,Alojamiento Nacionales,100,Ingreso - hospedaje 1 noche Eli y Steward Falk,approved,[Ingresos],transfer,FEB26-R120,Centro Mateo,,
321,26/02/2026,expense,Salario Limpieza,200,Sal Limp - Angelica limpieza primer piso CEM,approved,[Fondo de Operaciones],transfer,FEB26-R118,Centro Mateo,,
320,25/02/2026,expense,Asociacion Civil,3200,AC - 900 ley antilavado; 2300 socios sin RFC,approved,[Fondo de Propiedad],transfer,FEB26-R116,Centro Mateo,,
319,25/02/2026,expense,Mantenimiento,10836.2,M - tanque azul Hidro Shop,approved,[Fondo de Operaciones] F,transfer,FEB26-R114,Centro Mateo,,
318,25/02/2026,expense,Renta Vidal/ Schmidt,6000,Ingreso - renta Jen,approved,[Ingresos],transfer,FEB26-R111,Centro Mateo,,
317,25/02/2026,expense,Perro,71,P - collar Bodega,approved,[Fondo de Operaciones],transfer,FEB26-R109,Centro Mateo,,
316,24/02/2026,expense,Mantenimiento,650,M - manto podadora de mano (cambio de inyector y cabeza) RYL Forestal,approved,[Fondo de Operaciones],transfer,FEB26-R107,Centro Mateo,,
315,23/02/2026,expense,Comisiones Bancarias,2124,Contables - ISR impuestos,approved,[Fondo de Operaciones],transfer,FEB26-R105,Centro Mateo,,
314,23/02/2026,expense,Gastos y Honorarios Contables,293,Contables - ISR impuestos,approved,[Fondo de Operaciones],transfer,FEB26-R103,Centro Mateo,,
313,23/02/2026,expense,Gastos y Honorarios Contables,312,Contables - IVA gastos de impuestos,approved,[Fondo de Operaciones],transfer,FEB26-R101,Centro Mateo,,
312,23/02/2026,expense,Gastos y Honorarios Contables,2930.01,Contable - honorarios por servicios fiscales y contables,approved,[Fondo de Operaciones],transfer,FEB26-R99,Centro Mateo,,
311,21/02/2026,expense,Luz,6332,Luz CFE,approved,[Fondo de Propiedad],transfer,FEB26-R97,Centro Mateo,,
310,21/02/2026,expense,Renta Vidal/ Schmidt,6000,Ingreso - renta Vidal,approved,[Ingresos],transfer,FEB26-R95,Centro Mateo,,
309,21/02/2026,expense,Mantenimiento,122,M - pistola para riego Ferretodo Plus,approved,[Fondo de Operaciones],transfer,FEB26-R93,Centro Mateo,,
308,21/02/2026,expense,Perro,780,P - perrón,approved,[Fondo de Operaciones],transfer,FEB26-R91,Centro Mateo,,
307,20/02/2026,expense,Mantenimiento,8000,M - 5 días trabajo x 2 personas x 800 pesos Hernandez,approved,[Fondo de Operaciones],transfer,FEB26-R89,Centro Mateo,,
306,19/02/2026,expense,Salario Limpieza,200,Sal Limp - Angelica limpieza primer piso CEM,approved,[Fondo de Operaciones],transfer,FEB26-R87,Centro Mateo,,
305,17/02/2026,expense,Mantenimiento,613,M - agua FESOL,approved,[Fondo de Operaciones],transfer,FEB26-R85,Centro Mateo,,
304,17/02/2026,expense,Mantenimiento,70,M - jabón en polvo Bodega,approved,[Fondo de Operaciones],transfer,FEB26-R83,Centro Mateo,,
303,16/02/2026,expense,Mantenimiento,649.99,M - guantes Ferreterías Calzada,approved,[Fondo de Operaciones] F,transfer,FEB26-R81,Centro Mateo,,
302,16/02/2026,expense,Agua y Comida,449,Comida - café Costco,approved,[Fondo de Propiedad] F,transfer,FEB26-R79,Centro Mateo,,
264,15/02/2026,expense,Relaciones Publicas,700,RP - Tomas & Isra inscripcion COMIMEX,approved,[Fondo de Operaciones],transfer,FEB26-R7,Centro Mateo,,
301,13/02/2026,expense,Mantenimiento,175.06,M - adaptador y pvc eYSH,approved,[Fondo de Operaciones] F,transfer,FEB26-R77,Centro Mateo,,
300,13/02/2026,expense,Mantenimiento,6400,M - 4 días trabajo x 2 personas Hernandez,approved,[Fondo de Operaciones],transfer,FEB26-R75,Centro Mateo,,
299,12/02/2026,expense,Mantenimiento,872.5,"M - rodilleras, codos, etc Manos a la Obra",approved,[Fondo de Operaciones] F,transfer,FEB26-R73,Centro Mateo,,
298,12/02/2026,expense,Mantenimiento,377.11,M - sonido,approved,[Fondo de Operaciones],transfer,FEB26-R71,Centro Mateo,,
297,12/02/2026,expense,Mantenimiento,125,M - guantes x5 Bodega,approved,[Fondo de Operaciones],transfer,FEB26-R69,Centro Mateo,,
296,12/02/2026,expense,Alojamiento Nacionales,2000,Ingreso - deposito Gaby Casa de Dios,approved,[Ingresos],transfer,FEB26-R67,Centro Mateo,,
295,12/02/2026,expense,Salario Limpieza,200,Sal Limp - Angelica primer piso CEM,approved,[Fondo de Operaciones],transfer,FEB26-R65,Centro Mateo,,
294,11/02/2026,expense,Mantenimiento,1577.66,M - arreglo agua eYSH,approved,[Fondo de Operaciones] F,transfer,FEB26-R63,Centro Mateo,,
293,11/02/2026,expense,Mantenimiento,1532.65,M - arreglo agua eYSH,approved,[Fondo de Operaciones] F,transfer,FEB26-R61,Centro Mateo,,
292,11/02/2026,expense,Mantenimiento,1733.7,M - arreglo agua eYSH,approved,[Fondo de Operaciones] F,transfer,FEB26-R59,Centro Mateo,,
291,11/02/2026,expense,Mantenimiento,160,"M - cople, codo, reduccion bushing Manos a la Obra",approved,[Fondo de Operaciones],transfer,FEB26-R57,Centro Mateo,,
290,11/02/2026,expense,Mantenimiento,300,M - arreglo agua Konkreto,approved,[Fondo de Operaciones],transfer,FEB26-R55,Centro Mateo,,
289,11/02/2026,expense,Mantenimiento,405,M - arreglo agua Konkreto,approved,[Fondo de Operaciones],transfer,FEB26-R53,Centro Mateo,,
288,10/02/2026,expense,Mantenimiento,238,M - arreglo de tuberia Manos a la Obra,approved,[Fondo de Operaciones] F,transfer,FEB26-R51,Centro Mateo,,
287,10/02/2026,expense,Alojamiento Nacionales,2000,Ingreso - renta 22-24 mayo,approved,[Ingresos],transfer,FEB26-R49,Centro Mateo,,
286,08/02/2026,expense,Relaciones Publicas,1565,RP - Tomas viaticos Tijuana COMIMEX,approved,[Fondo de Operaciones],transfer,FEB26-R47,Centro Mateo,,
285,06/02/2026,expense,Mantenimiento,175,M - papel higienico suites Bodega,approved,[Fondo de Operaciones],transfer,FEB26-R45,Centro Mateo,,
284,06/02/2026,expense,Mantenimiento,60,M - matahormigas x2 Ferretodo Plus,approved,[Fondo de Operaciones],transfer,FEB26-R43,Centro Mateo,,
283,06/02/2026,expense,Mantenimiento,980,M - focos Global Iluminacion,approved,[Fondo de Operaciones],transfer,FEB26-R41,Centro Mateo,,
282,05/02/2026,expense,Alojamiento Nacionales,2000,Ingreso - deposito evento Neftali,approved,[Ingresos],transfer,FEB26-R39,Centro Mateo,,
281,05/02/2026,expense,Alojamiento Nacionales,2000,Ingreso - deposito retiro de familias Campo Real,approved,[Ingresos],transfer,FEB26-R37,Centro Mateo,,
280,05/02/2026,capital,Gastos de Capital,26313.09,CA - paneles solares Rafael Ocampo Vargas,approved,[Gastos Capital] F,transfer,FEB26-R35,Centro Mateo,,1
279,05/02/2026,expense,Mantenimiento,625,M - luces Link Bits,approved,[Fondo de Operaciones] F,transfer,FEB26-R33,Centro Mateo,,
278,05/02/2026,expense,Salario Limpieza,200,Sal Limp - Angelica primer piso CEM,approved,[Fondo de Operaciones],transfer,FEB26-R31,Centro Mateo,,
277,05/02/2026,expense,Mantenimiento,3720,M - resto de reparaciones electricas Israel Chavira,approved,[Fondo de Operaciones],transfer,FEB26-R29,Centro Mateo,,
276,05/02/2026,expense,Propano,3505.06,Vela Gas,approved,[Fondo de Propiedad] F,transfer,FEB26-R27,Centro Mateo,,
275,04/02/2026,expense,Agua y Comida,500,Agua - 18 garrafones (27 c/u) + propina 14,approved,[Fondo de Propiedad],transfer,FEB26-R25,Centro Mateo,,
274,04/02/2026,expense,Mantenimiento,1190,M - sonido Electrónica San Jose,approved,[Fondo de Operaciones] F,transfer,FEB26-R23,Centro Mateo,,
273,02/02/2026,expense,Internet,1305,Internet Starlink,approved,[Fondo de Operaciones] F,transfer,FEB26-R21,Centro Mateo,,
272,02/02/2026,income,Mantenimiento,147,M - utensilios cocina IKEA,approved,[Fondo de Operaciones] F,transfer,FEB26-R19,Centro Mateo,,
271,02/02/2026,income,Basura,200,Basura - gasolina para camioneta prestada,approved,[Fondo de Propiedad],transfer,FEB26-R17,Centro Mateo,,
270,02/02/2026,income,Basura,100,Basura,approved,[Fondo de Propiedad],transfer,FEB26-R15,Centro Mateo,,
269,01/02/2026,income,Agua y Comida,630,"Ingreso - renta ICPM (aloj retiro 14,650 + culto unido 5000 + extra asamblea 750 (10x75) + ropa de cama 450 (9x50) + 2 cargas de leña 400 + 18 garrafones de agua 630)",approved,[Fondo de Propiedad],transfer,FEB26-R13,Centro Mateo,,
268,01/02/2026,income,Mantenimiento,400,"Ingreso - renta ICPM (aloj retiro 14,650 + culto unido 5000 + extra asamblea 750 (10x75) + ropa de cama 450 (9x50) + 2 cargas de leña 400 + 18 garrafones de agua 630)",approved,[Fondo de Operaciones],transfer,FEB26-R13,Centro Mateo,,
267,01/02/2026,income,Alojamiento Nacionales,20850,"Ingreso - renta ICPM (aloj retiro 14,650 + culto unido 5000 + extra asamblea 750 (10x75) + ropa de cama 450 (9x50) + 2 cargas de leña 400 + 18 garrafones de agua 630)",approved,[Ingresos],transfer,FEB26-R13,Centro Mateo,,
266,01/02/2026,income,Relaciones Publicas,299,RP - pastel cumple CEM Soriana,approved,[Fondo de Operaciones],transfer,FEB26-R11,Centro Mateo,,
265,01/02/2026,income,Relaciones Publicas,3800,RP - hotel COMIMEX,approved,[Fondo de Operaciones],transfer,FEB26-R9,Centro Mateo,,
263,31/01/2026,income,Interes Banco/Reemplazo & Otros Ingresos,5537.93,Bank Interest Income,approved,[Ingresos],transfer,ENE26-R88,Centro Mateo,,
262,31/01/2026,income,Comisiones Bancarias,520,Bank Expenses - monthly fee,approved,[Fondo de Operaciones],transfer,ENE26-R86,Centro Mateo,,
261,31/01/2026,income,Comisiones Bancarias,83.2,Bank Expenses - IVA,approved,[Fondo de Operaciones],transfer,ENE26-R84,Centro Mateo,,
259,31/01/2026,income,Renta Vidal/ Schmidt,6000,Ingreso - renta Jen,approved,[Ingresos],transfer,ENE26-R73,Centro Mateo,,
258,31/01/2026,income,Alojamiento Nacionales,2000,Ingreso - deposito renta Abril 24-26,approved,[Ingresos],transfer,ENE26-R71,Centro Mateo,,
257,31/01/2026,income,Salario Voluntariado,10500,Sal Vol - Giraldo,approved,[Fondo de Operaciones],transfer,ENE26-R69,Centro Mateo,,
260,30/01/2026,capital,Gastos de Capital,95000,"Ingreso - venta de la camioneta ($100,000 - $5000 comisión)",approved,[Gastos Capital],transfer,ENE26-R76,Centro Mateo,,1
256,30/01/2026,capital,Gastos de Capital,61397.41,CA - anticipo sistema solar,approved,[Gastos Capital],transfer,ENE26-R67,Centro Mateo,,1
255,29/01/2026,income,Salario Limpieza,200,Sal Limp - Angelica limpieza primer piso CEM,approved,[Fondo de Operaciones],transfer,ENE26-R65,Centro Mateo,,
254,29/01/2026,income,Mantenimiento,3000,M - esterilizar gatos Clinica Veterinaria La Venta,approved,[Fondo de Operaciones],transfer,ENE26-R63,Centro Mateo,,
252,29/01/2026,income,Agua y Comida,200,Agua - 7 garrafones x $27c/u + propina $11,approved,[Fondo de Propiedad],transfer,ENE26-R59,Centro Mateo,,
253,28/01/2026,income,Mantenimiento,1430.1,M - 2 escaleras Costco,approved,[Fondo de Operaciones],transfer,ENE26-R61,Centro Mateo,,
251,27/01/2026,income,Mantenimiento,745,"M - metro de cable, contacto, clavija FESOL",approved,[Fondo de Operaciones],transfer,ENE26-R57,Centro Mateo,,
250,27/01/2026,income,Mantenimiento,215.99,"M - Steren - sinchos para cables, y cables",approved,[Fondo de Operaciones] F,transfer,ENE26-R55,Centro Mateo,,
249,24/01/2026,income,Alojamiento Int'l,3600,Ingreso - donacion de Sarah para CEM,approved,[Ingresos],transfer,ENE26-R53,Centro Mateo,,
248,22/01/2026,income,Salario Limpieza,200,Limpieza - Angelica,approved,[Fondo de Operaciones],transfer,ENE26-R51,Centro Mateo,,
246,22/01/2026,income,Renta Vidal/ Schmidt,4000,Ingreso - renta Vidal,approved,[Ingresos],transfer,ENE26-R47,Centro Mateo,,
247,21/01/2026,income,Mantenimiento,5015,M - deposito para trabajo de Israel Chavira arreglo luz,approved,[Fondo de Operaciones],transfer,ENE26-R49,Centro Mateo,,
245,20/01/2026,income,Relaciones Publicas,450,RP - comida para dia de vueltas CEM - Tacos el Sam,approved,[Fondo de Operaciones],transfer,ENE26-R45,Centro Mateo,,
244,20/01/2026,income,Mantenimiento,45,M - estacionamiento para las vueltas Luna Park Estacionamiento,approved,[Fondo de Operaciones],transfer,ENE26-R43,Centro Mateo,,
243,20/01/2026,income,Mantenimiento,4320,M - cables y materiales sonido San Jose Electronicos,approved,[Fondo de Operaciones],transfer,ENE26-R41,Centro Mateo,,
242,19/01/2026,income,Gastos y Honorarios Contables,2790,Contable - honorarios por servicios fiscales y contables,approved,[Fondo de Operaciones],transfer,ENE26-R39,Centro Mateo,,
241,19/01/2026,income,Gastos y Honorarios Contables,315,Contables - IVA gastos de impuestos,approved,[Fondo de Operaciones],transfer,ENE26-R37,Centro Mateo,,
240,19/01/2026,income,Gastos y Honorarios Contables,293,Contables - ISR impuestos,approved,[Fondo de Operaciones],transfer,ENE26-R35,Centro Mateo,,
239,19/01/2026,income,Impuestos Propiedad,4827.9,Impuestos propiedad,approved,[Fondo de Propiedad],transfer,ENE26-R33,Centro Mateo,,
238,15/01/2026,income,Salario Limpieza,200,Sal Limp - limpieza Angelica primer piso CEM,approved,[Fondo de Operaciones],transfer,ENE26-R31,Centro Mateo,,
237,14/01/2026,income,Gastos Equipo,1747,Gastos Equipo - comida,approved,[Fondo de Operaciones],transfer,ENE26-R29,Centro Mateo,,
236,14/01/2026,income,Mantenimiento,510.47,M - valvula eYSH,approved,[Fondo de Operaciones] F,transfer,ENE26-R27,Centro Mateo,,
235,14/01/2026,income,Mantenimiento,1881,M - valvula eYSH,approved,[Fondo de Operaciones] F,transfer,ENE26-R25,Centro Mateo,,
234,13/01/2026,income,Gastos Equipo,919,Gastos Equipo - comida Tokai,approved,[Fondo de Operaciones],transfer,ENE26-R23,Centro Mateo,,
233,13/01/2026,income,Seguro Vehiculo,1764.76,Seguro van MAPFRE,approved,[Vehiculo] F,transfer,ENE26-R21,Centro Mateo,,
231,10/01/2026,income,Basura,100,Basura,approved,[Fondo de Propiedad],transfer,ENE26-R17,Centro Mateo,,
230,10/01/2026,income,Mantenimiento,600,M - limpieza bomba de agua Juan Ramón,approved,[Fondo de Operaciones],transfer,ENE26-R15,Centro Mateo,,
229,09/01/2026,income,Productos Limpieza,1077,Pro Limp - productos limpieza Costco,approved,[Fondo de Operaciones] F,transfer,ENE26-R13,Centro Mateo,,
228,08/01/2026,income,Salario Limpieza,200,Sal Limp - Angelica limpieza primer piso CEM,approved,[Fondo de Operaciones],transfer,ENE26-R11,Centro Mateo,,
227,07/01/2026,income,Alojamiento Nacionales,2000,Ingreso - deposito de renta para junio - Iglesia Amishadai,approved,[Ingresos],transfer,ENE26-R9,Centro Mateo,,
226,06/01/2026,income,Mantenimiento,201,M - Raid x 3 Bodega,approved,[Fondo de Operaciones],transfer,ENE26-R7,Centro Mateo,,
232,04/01/2026,income,Relaciones Publicas,6192,RP - 2 vuelos para Comiban Volaris,approved,[Fondo de Operaciones],transfer,ENE26-R19,Centro Mateo,,
225,02/01/2026,income,Internet,1305,Internet Starlink,approved,[Fondo de Operaciones],transfer,ENE26-R5,Centro Mateo,,
,,,,,,,,,,,,
